screen_name,created_at,text,in_reply_to_screen_name,retweeted_status_screen_name,user_description,source,lang,id
ThemisMaglis,2021-02-04T09:14:11Z,"RT @prezatv: Ερρίκος Μηλιάρης, Χάρης Τζωρτζάκης και Γιάννης Νιάρρος καταγγέλλουν τον σκηνοθέτη Κώστα Ζάπα | Νιάρρος: «δεν ήμουν αρκετά διαθέσιμος ώστε να του “δείξω τον πούτσο μου” (το διατυπώνω όπως και μου ζητήθηκε αυτολεξεί). #MeToo #MeTooGr  https://t.co/M6dv2o9qVO",,prezatv,💌 themis.maglis@hotmail.com,Twitter for iPad,el,1357256124739817472
apsentiii1,2021-02-03T21:14:45Z,"RT @tvsxolio: Γιάννης Νιάρρος, Χάρης Τζωρτζακάκης, Ερρίκος Μηλιάρης, Άρης Αντωνόπουλος κ.α. κατηγορούν τον σκηνοθέτη Κώστα Ζάπα για ΣΕΞΟΥΑΛΙΚΗ ΠΑΡΕΝΟΧΛΗΣΗ σε οντισιόν.

 Ζητούσε να γδυθούν ή και να αυνανιστουν on camera.

#Κιμουλης #Σπυροπουλος #Ζαπας https://t.co/S5HPVTMr5K",,tvsxolio,no dm .👄,Twitter for Android,el,1357075073459494914
Tsiraklas1,2021-02-03T21:14:01Z,"RT @tvsxolio: Γιάννης Νιάρρος, Χάρης Τζωρτζακάκης, Ερρίκος Μηλιάρης, Άρης Αντωνόπουλος κ.α. κατηγορούν τον σκηνοθέτη Κώστα Ζάπα για ΣΕΞΟΥΑΛΙΚΗ ΠΑΡΕΝΟΧΛΗΣΗ σε οντισιόν.

 Ζητούσε να γδυθούν ή και να αυνανιστουν on camera.

#Κιμουλης #Σπυροπουλος #Ζαπας https://t.co/S5HPVTMr5K",,tvsxolio,,Twitter for Android,el,1357074889644126211
TVG6fX5TCKWVpOB,2021-02-02T18:49:51Z,"RT @tvsxolio: Γιάννης Νιάρρος, Χάρης Τζωρτζακάκης, Ερρίκος Μηλιάρης, Άρης Αντωνόπουλος κ.α. κατηγορούν τον σκηνοθέτη Κώστα Ζάπα για ΣΕΞΟΥΑΛΙΚΗ ΠΑΡΕΝΟΧΛΗΣΗ σε οντισιόν.

 Ζητούσε να γδυθούν ή και να αυνανιστουν on camera.

#Κιμουλης #Σπυροπουλος #Ζαπας https://t.co/S5HPVTMr5K",,tvsxolio,,Twitter Web App,el,1356676219396325378
velocity2121,2021-02-02T13:10:41Z,"RT @tvsxolio: Γιάννης Νιάρρος, Χάρης Τζωρτζακάκης, Ερρίκος Μηλιάρης, Άρης Αντωνόπουλος κ.α. κατηγορούν τον σκηνοθέτη Κώστα Ζάπα για ΣΕΞΟΥΑΛΙΚΗ ΠΑΡΕΝΟΧΛΗΣΗ σε οντισιόν.

 Ζητούσε να γδυθούν ή και να αυνανιστουν on camera.

#Κιμουλης #Σπυροπουλος #Ζαπας https://t.co/S5HPVTMr5K",,tvsxolio,"Art,music,someone somewhere in the summertime 🐬 コンスタンティノス interior monologue designer",Twitter for iPhone,el,1356590865351860225
peinawsynexeia,2021-02-02T12:55:57Z,"RT @tvsxolio: Γιάννης Νιάρρος, Χάρης Τζωρτζακάκης, Ερρίκος Μηλιάρης, Άρης Αντωνόπουλος κ.α. κατηγορούν τον σκηνοθέτη Κώστα Ζάπα για ΣΕΞΟΥΑΛΙΚΗ ΠΑΡΕΝΟΧΛΗΣΗ σε οντισιόν.

 Ζητούσε να γδυθούν ή και να αυνανιστουν on camera.

#Κιμουλης #Σπυροπουλος #Ζαπας https://t.co/S5HPVTMr5K",,tvsxolio,Γιορτάζω Τσικνοπέμπτη. Doglover 🐾 ☘️ Tattooed @johniecockie,Twitter for Android,el,1356587158790942723
irafinagr,2021-02-02T11:54:33Z,Νέα καταγγελία κατά του Κώστα Ζάπα: Μου είπε να αρχίσω να γδύνομαι και έγινε χαμός - https://t.co/4aNS08pTzH https://t.co/KfrTPzXe1U,,,,iRafina,el,1356571707692187648
TheTOC_gr,2021-02-02T11:08:41Z,"Για την τραυματική εμπειρία που είχε με τον σκηνοθέτη Κώστα Ζάπα, όταν ήταν νεός στον καλλιτεχνικό χώρο, μίλησε ο Λευτέρης Γκιωνάκης, εγγονός του Γιάννη Γκιωνάκη. https://t.co/LLrVGQcHqj",,,Ο επίσημος λογαριασμός του The TOC. Eιδήσεις κάθε λεπτό,Echobox,el,1356560163113689089
ioannina24,2021-02-02T11:02:04Z,ΕΛΛΑΔΑ-ΚΟΣΜΟΣ Νέα καταγγελία κατά του Κώστα Ζάπα: Μου είπε να αρχίσω να γδύνομαι και έγινε χαμός: Δεν έχουν τέλος οι καταγγελίες για περιστατικά λεκτικής και σωματικής βίας καθώς και σεξουαλικής παρενόχλησης στον χώρο του θεάτρου και του… https://t.co/Dtjc8GEx9q https://t.co/cy49BLXKF2,,,"...ό,τι συμβαίνει

Ο πληρέστερος δυκτιακός τόπος για τα Ιωαννινα και την Ηπειρο.",dlvr.it,el,1356558500235628544
GreekMoney,2021-02-02T10:59:05Z,Ο εγγονός του Γιάννη Γκιωνάκη καταγγέλλει τον σκηνοθέτη Κώστα Ζάπα https://t.co/EkalXmrT94 https://t.co/ddui6Q7ap5,,,Δημοσιογραφικό blogspot,Twitter Web App,el,1356557748742275072
Timelinegr_,2021-02-02T10:56:21Z,Γκιωνάκης για Κώστα Ζάπα: Πήγα στην οντισιόν και μου είπε γδύσου https://t.co/VdXAhfUDPX,,,"Tο TIMELINE είναι μια ενημερωτική ιστοσελίδα, με ειδήσεις για την πολιτική, την οικονομία, τον πολιτισμό και τον αθλητισμό.",Twitter Web App,el,1356557059878191110
wwwstargr,2021-02-02T09:55:36Z,"➤ Γιος διάσημης ηθοποιού καταγγέλει τον Κώστα Ζάπα
#StarGrLifestyle 
https://t.co/r4dh5GFHjR",,,"https://t.co/3sSPfZktbx για ό,τι σε αφορά
➡Με ένα κλικ μάθε ό,τι συμβαίνει στην Ελλάδα και τον Κόσμο. Διάβασε Lifestyle νέα, 📽δες video, άκουσε 🎙Podcasts, παίξε ❓Quiz",Twitter Web App,el,1356541773397524481
NChatzinikolaou,2021-02-02T09:44:34Z,RT @enikos_gr: Νέα καταγγελία κατά του Κώστα Ζάπα: Μου είπε να αρχίσω να γδύνομαι και έγινε χαμός https://t.co/gO3rYsKtug,,enikos_gr,Εκδότης της Realnews και των https://t.co/XtRe5Wo6RX και https://t.co/BvCTDucu0a,Twitter for iPhone,el,1356538995921088512
enikos_gr,2021-02-02T09:41:06Z,Νέα καταγγελία κατά του Κώστα Ζάπα: Μου είπε να αρχίσω να γδύνομαι και έγινε χαμός https://t.co/gO3rYsKtug,,,Εδώ μιλάμε στον ενικό.,enikos.gr manhattan,el,1356538123174498304
asterathmaria,2021-02-02T08:30:43Z,"RT @tlifegr: Σοκ από τον εγγονό του Γκιωνάκη: H τραυματική εμπειρία από την οντισιόν με τον σκηνοθέτη Κώστα Ζάπα
https://t.co/3Rp0Af7SXT",,tlifegr,Νηπιαγωγός(άνεργη),Twitter for Android,el,1356520412100898817
tlifegr,2021-02-02T07:16:47Z,"Σοκ από τον εγγονό του Γκιωνάκη: H τραυματική εμπειρία από την οντισιόν με τον σκηνοθέτη Κώστα Ζάπα
https://t.co/3Rp0Af7SXT",,,The female side of life,Twitter Web App,el,1356501803353968640
fimesgr,2021-02-02T06:13:39Z,"Καταγγελίες βόμβα για σκηνοθέτη Κώστα Ζάπα: «Δείξε μου τον π@@ σου», Μηλιάρης, Τζωρτζάκης, Νιάρος https://t.co/bQpctriEtK https://t.co/fRZlei4YVk",,,"Πολιτική, Oικονομία, Μedia: Ό,τι κινείται... καταγράφεται",dlvr.it,el,1356485918648004614
nyxtespremieras,2021-02-01T12:00:01Z,"Μορφή χιονοστιβάδας φαίνεται να παίρνουν οι αναφορές εναντίον του σκηνοθέτη Κώστα Ζάπα από τρεις (και κατά πως φαίνεται περισσότερους τελικά) ηθοποιούς που καταγγέλουν σεξουαλική παρενόχληση στην διάρκεια οντισιόν.
https://t.co/aiLyOpSPem https://t.co/jt4iJbpdnb",,,,Twitter Web App,el,1356210693335207940
Taniatheod,2021-02-01T08:39:29Z,"RT @tzimispla: Τον πετσοκοψε όμως πολύ καλά ο Δημοκιδης στη Lifo αυτόν τον σκηνοθέτη (τον Κώστα Ζαπα).
#toprwino",,tzimispla,Τοξότης με Τοξότη! ♡ Karma •• Cross Training & Sunset Lover •• #Apple Addict  ••,Twitter for iPhone,el,1356160227154997248
tzimispla,2021-02-01T08:39:09Z,"Τον πετσοκοψε όμως πολύ καλά ο Δημοκιδης στη Lifo αυτόν τον σκηνοθέτη (τον Κώστα Ζαπα).
#toprwino",,,"Φιλολογία Ιωαννίνων (currently on 4th year). 
        📺🎬🎭🏺📜📖
https://t.co/rvOyyXTGe0",Twitter for Android,el,1356160144523071490
flixgr,2021-01-31T20:41:52Z,"Κατηγορίες παρενόχλησης κατά του Κώστα Ζάπα - η απάντηση του σκηνοθέτη και εκ νέου διευκρινίσεις από τον ηθοποιό Ερρίκο Μηλιάρη που ήταν και ο πρώτος που δημοσιοποίησε την εμπειρία του, μετά από ένα ρεπορτάζ της ΕΡΤ  https://t.co/gG2EDKozfS",,,Everything you wanted to know about cinema (and you were afraid to ask),Twitter Web App,el,1355979634165350404
Rf5eNaXpdXDsGvq,2021-01-31T18:47:12Z,Ερρίκος Μηλιάρης για Κώστα Ζάπα: «Μου ζήτησε να αυνανιστώ» https://t.co/3ZZAGqNQFl μέσω του χρήστη @athensvoice,,,"Δεν είμαι αυτό που νομίζετε, είμαι αυτό που πιστεύω.",Twitter for Android,el,1355950777945239553
galonaki,2021-01-31T18:45:15Z,RT @AthensVoice: Ερρίκος Μηλιάρης για Κώστα Ζάπα: «Μου ζήτησε να αυνανιστώ» https://t.co/BKYVN8VNcy,,AthensVoice,"Journalist-radio producer 
and still a dreamer of life/
Panteion University-Mass Media/
Kapodistrian University-MA Political
Communication and New Media",Twitter for Android,el,1355950287056498691
AthensVoice,2021-01-31T18:22:58Z,Ερρίκος Μηλιάρης για Κώστα Ζάπα: «Μου ζήτησε να αυνανιστώ» https://t.co/BKYVN8VNcy,,,Η μεγαλύτερη εβδομαδιαία εφημερίδα,Twitter Web App,el,1355944678298890248
Tacolicious2,2021-01-31T16:41:55Z,"RT @urlocalfuckb0y: Με ανάρτηση του στο Facebook, ο ηθοποιός Ερρίκος Μηλιάρης κάνει τη δική του δήλωση για σεξουαλική παρενόχληση που δέχτηκε στον χώρο εργασίας του. Στα σχόλια της ανάρτησης αναφέρεται, και επιβεβαιώνεται από τον ίδιο, το όνομα του θύτη, Κώστα Ζάπα.
https://t.co/MDWbJpDB1s",,urlocalfuckb0y,she/her // #BlackLivesMatter // I tweet about kpop a lot // #CloverDeservedBetter 🍀 // #freeBritney // 💙💜💗 // don't be a prick,Twitter for Android,el,1355919248628060168
Dimitrachr_,2021-01-31T15:02:05Z,"RT @epigeiathea: θα το ξαναποστάρω, φίλος μου ανέβασε χθές στόρυ που επιβεβαιώνει τις κατηγορίες εναντίον του Κώστα Ζάπα με δική του προσωπική εμπειρία, και για ευνόητους λόγους δεν αναφέρω το όνομα του  #kalytera https://t.co/xnuAG5vuPS",,epigeiathea,"Athens,Greece",Twitter for iPhone,el,1355894125128724496
epigeiathea,2021-01-31T12:39:55Z,"θα το ξαναποστάρω, φίλος μου ανέβασε χθές στόρυ που επιβεβαιώνει τις κατηγορίες εναντίον του Κώστα Ζάπα με δική του προσωπική εμπειρία, και για ευνόητους λόγους δεν αναφέρω το όνομα του  #kalytera https://t.co/xnuAG5vuPS",,,Είμαι μια ξινή και αθυρόστομη θεά.,Twitter for iPhone,el,1355858346277023748
tsabdas,2021-01-31T12:22:43Z,"RT @urlocalfuckb0y: Με ανάρτηση του στο Facebook, ο ηθοποιός Ερρίκος Μηλιάρης κάνει τη δική του δήλωση για σεξουαλική παρενόχληση που δέχτηκε στον χώρο εργασίας του. Στα σχόλια της ανάρτησης αναφέρεται, και επιβεβαιώνεται από τον ίδιο, το όνομα του θύτη, Κώστα Ζάπα.
https://t.co/MDWbJpDB1s",,urlocalfuckb0y,Δεν είμαι τρελός...Οι άλλοι είναι λογικοί...... I'll see you on the dark side of the moon https://t.co/hjzJhA8UjH,Twitter for iPhone,el,1355854020062146564
radiourgos_dog,2021-01-31T12:15:43Z,"RT @urlocalfuckb0y: Οι συνάδελφοί του, Χάρης Τζωρτζακης και Γιάννης Νιαρρος, έγραψαν το όνομα του Κώστα Ζάπα στα σχόλια, καταγγέλοντας πως και οι ίδιοι αλλά και όλα τα νεαρά αγόρια της γενιάς τους, είχαν παρόμοιες τραυματικές εμπειρίες από τον ίδιο άνθρωπο.
Είμαστε εδώ. Είμαστε δίπλα σας.",,urlocalfuckb0y,https://t.co/J5LxD7iofg,Twitter Web App,el,1355852256302804994
radiourgos_dog,2021-01-31T12:15:41Z,"RT @urlocalfuckb0y: Με ανάρτηση του στο Facebook, ο ηθοποιός Ερρίκος Μηλιάρης κάνει τη δική του δήλωση για σεξουαλική παρενόχληση που δέχτηκε στον χώρο εργασίας του. Στα σχόλια της ανάρτησης αναφέρεται, και επιβεβαιώνεται από τον ίδιο, το όνομα του θύτη, Κώστα Ζάπα.
https://t.co/MDWbJpDB1s",,urlocalfuckb0y,https://t.co/J5LxD7iofg,Twitter Web App,el,1355852249726119936
ioannina24,2021-01-31T11:45:10Z,ΕΛΛΑΔΑ-ΚΟΣΜΟΣ Ερρίκος Μηλιάρης: Ο Κώστας Ζάπας μου ζήτησε να αυνανιστώ μπροστά του - Στην ταινία δεν υπήρχαν τέτοιες σκηνές: Νέα ανάρτηση για τη σεξουαλική παρενόχληση που δέχθηκε από τον σκηνοθέτη Κώστα Ζάπα έκανε ο ηθοποιός Ερρίκος… https://t.co/349333eQnq https://t.co/tFt9xseICg,,,"...ό,τι συμβαίνει

Ο πληρέστερος δυκτιακός τόπος για τα Ιωαννινα και την Ηπειρο.",dlvr.it,el,1355844569938579458
backstage24gr,2021-01-31T11:30:23Z,Ερρίκος Μηλιάρης κατά Κώστα Ζάπα: «Μου ζήτησε να αυνανιστώ μπροστά του» - https://t.co/S89NA6ogwm https://t.co/Dbq1XOf2hd,,,Όλο το παρασκήνιο είναι εδώ...!,Backstage24-app,el,1355840850652233729
gmfg160,2021-01-31T11:22:48Z,"RT @urlocalfuckb0y: Με ανάρτηση του στο Facebook, ο ηθοποιός Ερρίκος Μηλιάρης κάνει τη δική του δήλωση για σεξουαλική παρενόχληση που δέχτηκε στον χώρο εργασίας του. Στα σχόλια της ανάρτησης αναφέρεται, και επιβεβαιώνεται από τον ίδιο, το όνομα του θύτη, Κώστα Ζάπα.
https://t.co/MDWbJpDB1s",,urlocalfuckb0y,,Twitter for Android,el,1355838941904183301
EsmeEsme33,2021-01-31T10:44:34Z,"RT @urlocalfuckb0y: Με ανάρτηση του στο Facebook, ο ηθοποιός Ερρίκος Μηλιάρης κάνει τη δική του δήλωση για σεξουαλική παρενόχληση που δέχτηκε στον χώρο εργασίας του. Στα σχόλια της ανάρτησης αναφέρεται, και επιβεβαιώνεται από τον ίδιο, το όνομα του θύτη, Κώστα Ζάπα.
https://t.co/MDWbJpDB1s",,urlocalfuckb0y,I need to get a life.,Twitter Web App,el,1355829319671705611
Konstantinos,2021-01-31T10:26:36Z,RT @kostisbitsios: Τρεις άνδρες ηθοποιοί κατηγορούν τον σκηνοθέτη Κώστα #Ζάπα για σεξουαλική παρενόχληση  #LIFO https://t.co/lam6GK4pYu #ΓιάννηςΝιάρος #ΓιώργοςΚιμούλης #ΕρρίκοςΜηλιάρης #ΚώσταςΖάπας #ΚώσταςΣπυρόπουλος #ΧάρηςΤζωρτζάκης #ΚώσταςΖάπας #Μηλιάρης #Τζωρτζάκης #Νιάρος #ΜεΤηΣοφια #MeToo,,kostisbitsios,"Professional commercial photographer. I love my husband, food, music, cinema, audio-books, TV, politics and technology. Slow living. 📸😀🏳️‍🌈🍔🎼🎬🎧📚📺💻",Twitter Web App,el,1355824799092793344
magdatsegkou,2021-01-31T10:10:02Z,"Ο Ερρίκος Μηλιάρης σοκάρει ξανά μετά την καταγγελία που έκανε μαζί με τον Χάρη Τζωρτζάκη και τον Γιάννη Νιάρρο εναντίον του σκηνοθέτη Κώστα Ζάπα.

https://t.co/VVeg8UXeVW",,,"Δημοσιογράφος  
* https://t.co/3zhqqsrQWR  
* https://t.co/CUXqtT6BWl  
*work experience : 
Star- Alter-Skai channel (2000-2017)
journalist-tv presenter
YouTube: Magda Ts",Hootsuite Inc.,el,1355820627693862912
newsmagreece,2021-01-31T09:52:36Z,"Ο Ερρίκος Μηλιάρης σοκάρει ξανά μετά την καταγγελία που έκανε μαζί με τον Χάρη Τζωρτζάκη και τον Γιάννη Νιάρρο εναντίον του σκηνοθέτη Κώστα Ζάπα.

https://t.co/urENlzwd2W",,,,Blog2Social APP,el,1355816242150518786
AretiKa,2021-01-31T09:26:03Z,"RT @urlocalfuckb0y: Με ανάρτηση του στο Facebook, ο ηθοποιός Ερρίκος Μηλιάρης κάνει τη δική του δήλωση για σεξουαλική παρενόχληση που δέχτηκε στον χώρο εργασίας του. Στα σχόλια της ανάρτησης αναφέρεται, και επιβεβαιώνεται από τον ίδιο, το όνομα του θύτη, Κώστα Ζάπα.
https://t.co/MDWbJpDB1s",,urlocalfuckb0y,,Twitter for Android,el,1355809558388748288
sofokleous10,2021-01-31T08:36:19Z,O Ερρίκος Μηλιάρης σοκάρει για τον σκηνοθέτη Κώστα Ζάπα – «Μου ζήτησε να αυνανιστώ μπροστά του» https://t.co/UagSHJfmt1,,,"NEWS/MEDIA COMPANY
Για έγκαιρη και έγκυρη Οικονομική Ενημέρωση....  
Δείτε επίσης:
https://t.co/5QARLNWjPK 
https://t.co/oEbLO7uzZz
https://t.co/wocLZJWArW
https://t.co/dVSc6TQANw",ContentStudio.io,el,1355797043529318406
metinniki,2021-01-31T08:32:06Z,"RT @tvsxolio: Γιάννης Νιάρρος, Χάρης Τζωρτζακάκης, Ερρίκος Μηλιάρης, Άρης Αντωνόπουλος κ.α. κατηγορούν τον σκηνοθέτη Κώστα Ζάπα για ΣΕΞΟΥΑΛΙΚΗ ΠΑΡΕΝΟΧΛΗΣΗ σε οντισιόν.

 Ζητούσε να γδυθούν ή και να αυνανιστουν on camera.

#Κιμουλης #Σπυροπουλος #Ζαπας https://t.co/S5HPVTMr5K",,tvsxolio,,Twitter for Android,el,1355795981967749120
entypos,2021-01-31T08:29:37Z,Σοκάρει ο Ερρίκος Μηλιάρης για τον σκηνοθέτη Κώστα Ζάπα: Μου ζήτησε να αυνανιστώ μπροστά του https://t.co/MCw9uU81wT,,,Οι σοβαρές ειδήσεις από τις σημαντικότερες ιστοσελίδες. Μεγάλη συχνότητα δημοσιεύσεων.,entypos.com,el,1355795356450217986
thetimesgr,2021-01-31T08:14:04Z,O Ερρίκος Μηλιάρης σοκάρει για τον σκηνοθέτη Κώστα Ζάπα – «Μου ζήτησε να αυνανιστώ μπροστά του» https://t.co/338X9G9cS6,,,,dlvr.it,el,1355791444917673984
epigeiathea,2021-01-31T08:10:18Z,"Πάντως τα αγόρια που κατήγγειλαν τον σκηνοθέτη Κώστα Ζάπα λένε αλήθεια, φίλος μου ερασιτέχνης ηθοποιός ανέβασε χθές αυτό το στόρι #elaxamogela https://t.co/Bm6hHpRL5O",,,Είμαι μια ξινή και αθυρόστομη θεά.,Twitter for iPhone,el,1355790498586370054
simpsiris,2021-01-31T07:53:55Z,"@Sotiria_82 @platitudinous Όχι μπορούμε να κάνουμε κάτι άλλο,χωρις να ανακατέψουμε καν γυναίκες.Να πάμε στον προοδευτικό σκηνοθέτη Κωστα Ζαπα που έχει αποθεωθεί γιατί χτυπά πατριαρχία &amp; οικογένεια και να τον ρωτήσουμε αν η βία στους άνδρες- θύματά του ήταν εμφυλη... Λέξεις και νέοι κανονισμοί.Τιποτε άλλο.",Sotiria_82,,"""Ταξίδι στην άκρη της νύχτας"" και ""δεν έμαθαν τίποτε,δεν ξέχασαν τίποτε""...",Twitter Web App,el,1355786374524391424
zoza_f,2021-01-31T07:48:17Z,"RT @urlocalfuckb0y: Με ανάρτηση του στο Facebook, ο ηθοποιός Ερρίκος Μηλιάρης κάνει τη δική του δήλωση για σεξουαλική παρενόχληση που δέχτηκε στον χώρο εργασίας του. Στα σχόλια της ανάρτησης αναφέρεται, και επιβεβαιώνεται από τον ίδιο, το όνομα του θύτη, Κώστα Ζάπα.
https://t.co/MDWbJpDB1s",,urlocalfuckb0y,Σε αναζήτηση καλής ατάκας για bio,Twitter for Android,el,1355784957013225472
coffeeradiogr,2021-01-31T07:47:47Z,O Ερρίκος Μηλιάρης σοκάρει για τον σκηνοθέτη Κώστα Ζάπα – «Μου ζήτησε να αυνανιστώ μπροστά του» - https://t.co/V9mHHy1lvM https://t.co/crCE1EAFIV,,,"https://t.co/Os1aUjcu9S High Quality Music, Coffee Music, for Coffee Shops, Hotels, Shops and for Everyone. 100% follow back.",Coffee Radio,el,1355784832241033216
sofokleous10,2021-01-31T07:33:34Z,Ερρίκος Μηλιάρης για σεξουαλική παρενόχληση από Κώστα Ζάπα: Η νέα ανάρτηση και η συνέντευξη που κόπηκε https://t.co/XuHEdK5TFt,,,"NEWS/MEDIA COMPANY
Για έγκαιρη και έγκυρη Οικονομική Ενημέρωση....  
Δείτε επίσης:
https://t.co/5QARLNWjPK 
https://t.co/oEbLO7uzZz
https://t.co/wocLZJWArW
https://t.co/dVSc6TQANw",ContentStudio.io,el,1355781252243202049
EReportaz,2021-01-31T07:21:40Z,"Ερρίκος Μηλιάρης για σεξουαλική παρενόχληση από Κώστα Ζάπα: Η νέα ανάρτηση και η συνέντευξη που κόπηκε
 https://t.co/GKY8x78N13
via @ereportaz
#MAGAZINE #ΕΛΛΑΔΑ https://t.co/KDbAr0BFaV",,,,ereportaz,el,1355778258093137923
thetimesgr,2021-01-31T07:08:02Z,Ερρίκος Μηλιάρης για σεξουαλική παρενόχληση από Κώστα Ζάπα: Η νέα ανάρτηση και η συνέντευξη που κόπηκε https://t.co/aGBXVRoPKq,,,,dlvr.it,el,1355774826565099521
gdmn1973,2021-01-31T06:15:52Z,"RT @urlocalfuckb0y: Με ανάρτηση του στο Facebook, ο ηθοποιός Ερρίκος Μηλιάρης κάνει τη δική του δήλωση για σεξουαλική παρενόχληση που δέχτηκε στον χώρο εργασίας του. Στα σχόλια της ανάρτησης αναφέρεται, και επιβεβαιώνεται από τον ίδιο, το όνομα του θύτη, Κώστα Ζάπα.
https://t.co/MDWbJpDB1s",,urlocalfuckb0y,Σκοπός της ζωής μας δεν είναι η χαμέρπεια.,Twitter for Android,el,1355761700637704192
gdmn1973,2021-01-31T06:15:48Z,"RT @urlocalfuckb0y: Οι συνάδελφοί του, Χάρης Τζωρτζακης και Γιάννης Νιαρρος, έγραψαν το όνομα του Κώστα Ζάπα στα σχόλια, καταγγέλοντας πως και οι ίδιοι αλλά και όλα τα νεαρά αγόρια της γενιάς τους, είχαν παρόμοιες τραυματικές εμπειρίες από τον ίδιο άνθρωπο.
Είμαστε εδώ. Είμαστε δίπλα σας.",,urlocalfuckb0y,Σκοπός της ζωής μας δεν είναι η χαμέρπεια.,Twitter for Android,el,1355761683378135041
IoannisSyrros,2021-01-31T05:58:51Z,"Τζωρτζάκης, Νιάρρος και Μηλιάρης καταγγέλουν τον Κώστα Ζάπα για σεξουαλική παρενόχληση - Η απάντηση του σκηνοθέτη | newsbreak https://t.co/kHthziBMO6",,,🏛️,Twitter Web App,el,1355757415271174146
GK_Enterprises,2021-01-31T04:18:48Z,"RT @urlocalfuckb0y: Με ανάρτηση του στο Facebook, ο ηθοποιός Ερρίκος Μηλιάρης κάνει τη δική του δήλωση για σεξουαλική παρενόχληση που δέχτηκε στον χώρο εργασίας του. Στα σχόλια της ανάρτησης αναφέρεται, και επιβεβαιώνεται από τον ίδιο, το όνομα του θύτη, Κώστα Ζάπα.
https://t.co/MDWbJpDB1s",,urlocalfuckb0y,Μου άρεζε το φοφίκο,Twitter for iPhone,el,1355732239712202753
entermessinia,2021-01-31T02:58:44Z,Νέα καταγγελία για τον Κώστα Ζάπα: Ο σκηνοθέτης μου ζήτησε εχεμύθια - https://t.co/iXW0EJMqAp https://t.co/gp3MjXj9Mb,,,"24/7 news & lifestyle from Kalamata, Messinia and Greece",entermessinia,el,1355712087507554305
Dyths,2021-01-31T01:37:00Z,"RT @urlocalfuckb0y: Οι συνάδελφοί του, Χάρης Τζωρτζακης και Γιάννης Νιαρρος, έγραψαν το όνομα του Κώστα Ζάπα στα σχόλια, καταγγέλοντας πως και οι ίδιοι αλλά και όλα τα νεαρά αγόρια της γενιάς τους, είχαν παρόμοιες τραυματικές εμπειρίες από τον ίδιο άνθρωπο.
Είμαστε εδώ. Είμαστε δίπλα σας.",,urlocalfuckb0y,"Human being! I don't tolerate injustice,specially by myself. My personal myth is Mother Nature, freedom, justice! Fastists keep away!",Twitter Web App,el,1355691520301674496
Dyths,2021-01-31T01:36:56Z,"RT @urlocalfuckb0y: Με ανάρτηση του στο Facebook, ο ηθοποιός Ερρίκος Μηλιάρης κάνει τη δική του δήλωση για σεξουαλική παρενόχληση που δέχτηκε στον χώρο εργασίας του. Στα σχόλια της ανάρτησης αναφέρεται, και επιβεβαιώνεται από τον ίδιο, το όνομα του θύτη, Κώστα Ζάπα.
https://t.co/MDWbJpDB1s",,urlocalfuckb0y,"Human being! I don't tolerate injustice,specially by myself. My personal myth is Mother Nature, freedom, justice! Fastists keep away!",Twitter Web App,el,1355691501083373576
lpzktlUkcVzefnR,2021-01-31T01:07:41Z,"RT @urlocalfuckb0y: Με ανάρτηση του στο Facebook, ο ηθοποιός Ερρίκος Μηλιάρης κάνει τη δική του δήλωση για σεξουαλική παρενόχληση που δέχτηκε στον χώρο εργασίας του. Στα σχόλια της ανάρτησης αναφέρεται, και επιβεβαιώνεται από τον ίδιο, το όνομα του θύτη, Κώστα Ζάπα.
https://t.co/MDWbJpDB1s",,urlocalfuckb0y,,Twitter for Android,el,1355684142214746113
OlgaKoum,2021-01-31T01:00:26Z,"RT @urlocalfuckb0y: Με ανάρτηση του στο Facebook, ο ηθοποιός Ερρίκος Μηλιάρης κάνει τη δική του δήλωση για σεξουαλική παρενόχληση που δέχτηκε στον χώρο εργασίας του. Στα σχόλια της ανάρτησης αναφέρεται, και επιβεβαιώνεται από τον ίδιο, το όνομα του θύτη, Κώστα Ζάπα.
https://t.co/MDWbJpDB1s",,urlocalfuckb0y,"#SaveEpirus

It is a curious fact that people are never so trivial as when they take themselves seriously-Oscar Wilde |

ΜητεΛα μου η @re_aiiii |
Αγρινιώτ'σα ⚰️",Twitter for Android,el,1355682315767263233
Anastacia_Ts,2021-01-31T00:50:08Z,"RT @urlocalfuckb0y: Οι συνάδελφοί του, Χάρης Τζωρτζακης και Γιάννης Νιαρρος, έγραψαν το όνομα του Κώστα Ζάπα στα σχόλια, καταγγέλοντας πως και οι ίδιοι αλλά και όλα τα νεαρά αγόρια της γενιάς τους, είχαν παρόμοιες τραυματικές εμπειρίες από τον ίδιο άνθρωπο.
Είμαστε εδώ. Είμαστε δίπλα σας.",,urlocalfuckb0y,,Twitter for iPhone,el,1355679723800719370
skyworse,2021-01-31T00:48:37Z,"RT @urlocalfuckb0y: Οι συνάδελφοί του, Χάρης Τζωρτζακης και Γιάννης Νιαρρος, έγραψαν το όνομα του Κώστα Ζάπα στα σχόλια, καταγγέλοντας πως και οι ίδιοι αλλά και όλα τα νεαρά αγόρια της γενιάς τους, είχαν παρόμοιες τραυματικές εμπειρίες από τον ίδιο άνθρωπο.
Είμαστε εδώ. Είμαστε δίπλα σας.",,urlocalfuckb0y,Τι μου λέτε.,Twitter for Android,el,1355679341674459136
skyworse,2021-01-31T00:48:29Z,"RT @urlocalfuckb0y: Με ανάρτηση του στο Facebook, ο ηθοποιός Ερρίκος Μηλιάρης κάνει τη δική του δήλωση για σεξουαλική παρενόχληση που δέχτηκε στον χώρο εργασίας του. Στα σχόλια της ανάρτησης αναφέρεται, και επιβεβαιώνεται από τον ίδιο, το όνομα του θύτη, Κώστα Ζάπα.
https://t.co/MDWbJpDB1s",,urlocalfuckb0y,Τι μου λέτε.,Twitter for Android,el,1355679311991353345
anaimiki_vrikol,2021-01-30T23:54:20Z,"RT @urlocalfuckb0y: Με ανάρτηση του στο Facebook, ο ηθοποιός Ερρίκος Μηλιάρης κάνει τη δική του δήλωση για σεξουαλική παρενόχληση που δέχτηκε στον χώρο εργασίας του. Στα σχόλια της ανάρτησης αναφέρεται, και επιβεβαιώνεται από τον ίδιο, το όνομα του θύτη, Κώστα Ζάπα.
https://t.co/MDWbJpDB1s",,urlocalfuckb0y,Coffee is my drug...,Twitter for Android,el,1355665684123017217
Konti_loulou,2021-01-30T23:29:08Z,"RT @urlocalfuckb0y: Οι συνάδελφοί του, Χάρης Τζωρτζακης και Γιάννης Νιαρρος, έγραψαν το όνομα του Κώστα Ζάπα στα σχόλια, καταγγέλοντας πως και οι ίδιοι αλλά και όλα τα νεαρά αγόρια της γενιάς τους, είχαν παρόμοιες τραυματικές εμπειρίες από τον ίδιο άνθρωπο.
Είμαστε εδώ. Είμαστε δίπλα σας.",,urlocalfuckb0y,"Όσο υπάρχει σοκολάτα υπάρχει ελπίδα.
Υπερήφανο μέλος #Gerontokoristas",Twitter Web App,el,1355659339294535683
Konti_loulou,2021-01-30T23:29:00Z,"RT @urlocalfuckb0y: Με ανάρτηση του στο Facebook, ο ηθοποιός Ερρίκος Μηλιάρης κάνει τη δική του δήλωση για σεξουαλική παρενόχληση που δέχτηκε στον χώρο εργασίας του. Στα σχόλια της ανάρτησης αναφέρεται, και επιβεβαιώνεται από τον ίδιο, το όνομα του θύτη, Κώστα Ζάπα.
https://t.co/MDWbJpDB1s",,urlocalfuckb0y,"Όσο υπάρχει σοκολάτα υπάρχει ελπίδα.
Υπερήφανο μέλος #Gerontokoristas",Twitter Web App,el,1355659309372354560
emilinblack,2021-01-30T23:12:05Z,"RT @urlocalfuckb0y: Οι συνάδελφοί του, Χάρης Τζωρτζακης και Γιάννης Νιαρρος, έγραψαν το όνομα του Κώστα Ζάπα στα σχόλια, καταγγέλοντας πως και οι ίδιοι αλλά και όλα τα νεαρά αγόρια της γενιάς τους, είχαν παρόμοιες τραυματικές εμπειρίες από τον ίδιο άνθρωπο.
Είμαστε εδώ. Είμαστε δίπλα σας.",,urlocalfuckb0y,"Αυτά που φοβόμασταν περισσότερο, έχουν ήδη γίνει, προχωράμε
💁‍♀️",Twitter for Android,el,1355655048945143821
emilinblack,2021-01-30T23:11:57Z,"RT @urlocalfuckb0y: Με ανάρτηση του στο Facebook, ο ηθοποιός Ερρίκος Μηλιάρης κάνει τη δική του δήλωση για σεξουαλική παρενόχληση που δέχτηκε στον χώρο εργασίας του. Στα σχόλια της ανάρτησης αναφέρεται, και επιβεβαιώνεται από τον ίδιο, το όνομα του θύτη, Κώστα Ζάπα.
https://t.co/MDWbJpDB1s",,urlocalfuckb0y,"Αυτά που φοβόμασταν περισσότερο, έχουν ήδη γίνει, προχωράμε
💁‍♀️",Twitter for Android,el,1355655018498691072
Sugoi_Strigoi,2021-01-30T22:47:25Z,"RT @urlocalfuckb0y: Με ανάρτηση του στο Facebook, ο ηθοποιός Ερρίκος Μηλιάρης κάνει τη δική του δήλωση για σεξουαλική παρενόχληση που δέχτηκε στον χώρο εργασίας του. Στα σχόλια της ανάρτησης αναφέρεται, και επιβεβαιώνεται από τον ίδιο, το όνομα του θύτη, Κώστα Ζάπα.
https://t.co/MDWbJpDB1s",,urlocalfuckb0y,https://t.co/WeQRxRnwCx,Twitter for Android,el,1355648842461569037
rolistas320,2021-01-30T22:37:18Z,"RT @urlocalfuckb0y: Οι συνάδελφοί του, Χάρης Τζωρτζακης και Γιάννης Νιαρρος, έγραψαν το όνομα του Κώστα Ζάπα στα σχόλια, καταγγέλοντας πως και οι ίδιοι αλλά και όλα τα νεαρά αγόρια της γενιάς τους, είχαν παρόμοιες τραυματικές εμπειρίες από τον ίδιο άνθρωπο.
Είμαστε εδώ. Είμαστε δίπλα σας.",,urlocalfuckb0y,"BDSM/Sub, Sagittarius ♐️ freelance journalist",Twitter Web App,el,1355646295445266438
taxydromosvolos,2021-01-30T21:37:09Z,«Με ρώτησε “πόσο βαθιά μπορείς να φτάσεις για έναν ρόλο“» - Νέα καταγγελία κατά του Κώστα Ζάπα https://t.co/TYgSVU08J1,,,,Twitter Web App,el,1355631157849763840
ParaponaRodou,2021-01-30T21:36:33Z,"Τζωρτζάκης, Νιάρρος και Μηλιάρης καταγγέλουν τον Κώστα Ζάπα για σεξουαλική παρενόχληση – Η απάντηση του σκηνοθέτη https://t.co/w0BMwchzbM #ΚΟΙΝΩΝΙΑ https://t.co/7poOktE940",,,εδώ γράφουν οι αναγνώστες,dlvr.it,el,1355631009220333570
PanBit86,2021-01-30T21:15:31Z,"RT @urlocalfuckb0y: Με ανάρτηση του στο Facebook, ο ηθοποιός Ερρίκος Μηλιάρης κάνει τη δική του δήλωση για σεξουαλική παρενόχληση που δέχτηκε στον χώρο εργασίας του. Στα σχόλια της ανάρτησης αναφέρεται, και επιβεβαιώνεται από τον ίδιο, το όνομα του θύτη, Κώστα Ζάπα.
https://t.co/MDWbJpDB1s",,urlocalfuckb0y,"Πολυσχιδής προσωπικότητα με αστεία ξεσπάσματα! :P Δεν αντιδρώ καλά στην αγένεια και τη δηθενιά. -_- All in all, don't be an asshole and we'll have fun! :D",Twitter Web App,el,1355625715920752640
vnephthys,2021-01-30T20:25:26Z,"RT @urlocalfuckb0y: Με ανάρτηση του στο Facebook, ο ηθοποιός Ερρίκος Μηλιάρης κάνει τη δική του δήλωση για σεξουαλική παρενόχληση που δέχτηκε στον χώρο εργασίας του. Στα σχόλια της ανάρτησης αναφέρεται, και επιβεβαιώνεται από τον ίδιο, το όνομα του θύτη, Κώστα Ζάπα.
https://t.co/MDWbJpDB1s",,urlocalfuckb0y,Ξινή σαν λεμον πάι και γνωστή γκαντεμοσαυρα,Twitter Web App,el,1355613113148706820
ArkadIvanovich,2021-01-30T20:19:24Z,"RT @urlocalfuckb0y: Οι συνάδελφοί του, Χάρης Τζωρτζακης και Γιάννης Νιαρρος, έγραψαν το όνομα του Κώστα Ζάπα στα σχόλια, καταγγέλοντας πως και οι ίδιοι αλλά και όλα τα νεαρά αγόρια της γενιάς τους, είχαν παρόμοιες τραυματικές εμπειρίες από τον ίδιο άνθρωπο.
Είμαστε εδώ. Είμαστε δίπλα σας.",,urlocalfuckb0y,"Ολυμπιακός, Γ.Γ. του Kουόουτ, Νέρντουλας, Ψυχαναγκαστικός, Νάρκισσος, Νόθος Ρασπουτινογιός
Ραδιοφονικός Παντογνώστης #Radio_Arkady/#Ask_Arkady/#Arkadios_Arkadyo",Twitter for Android,el,1355611594978418690
ArkadIvanovich,2021-01-30T20:19:22Z,"RT @urlocalfuckb0y: Με ανάρτηση του στο Facebook, ο ηθοποιός Ερρίκος Μηλιάρης κάνει τη δική του δήλωση για σεξουαλική παρενόχληση που δέχτηκε στον χώρο εργασίας του. Στα σχόλια της ανάρτησης αναφέρεται, και επιβεβαιώνεται από τον ίδιο, το όνομα του θύτη, Κώστα Ζάπα.
https://t.co/MDWbJpDB1s",,urlocalfuckb0y,"Ολυμπιακός, Γ.Γ. του Kουόουτ, Νέρντουλας, Ψυχαναγκαστικός, Νάρκισσος, Νόθος Ρασπουτινογιός
Ραδιοφονικός Παντογνώστης #Radio_Arkady/#Ask_Arkady/#Arkadios_Arkadyo",Twitter for Android,el,1355611585369305091
SinglOnhstikia,2021-01-30T20:15:58Z,"RT @urlocalfuckb0y: Οι συνάδελφοί του, Χάρης Τζωρτζακης και Γιάννης Νιαρρος, έγραψαν το όνομα του Κώστα Ζάπα στα σχόλια, καταγγέλοντας πως και οι ίδιοι αλλά και όλα τα νεαρά αγόρια της γενιάς τους, είχαν παρόμοιες τραυματικές εμπειρίες από τον ίδιο άνθρωπο.
Είμαστε εδώ. Είμαστε δίπλα σας.",,urlocalfuckb0y,Cynical to the bone. Hedonist https://t.co/MlLLMouNwP,Twitter for iPhone,el,1355610728577830917
SinglOnhstikia,2021-01-30T20:15:49Z,"RT @urlocalfuckb0y: Με ανάρτηση του στο Facebook, ο ηθοποιός Ερρίκος Μηλιάρης κάνει τη δική του δήλωση για σεξουαλική παρενόχληση που δέχτηκε στον χώρο εργασίας του. Στα σχόλια της ανάρτησης αναφέρεται, και επιβεβαιώνεται από τον ίδιο, το όνομα του θύτη, Κώστα Ζάπα.
https://t.co/MDWbJpDB1s",,urlocalfuckb0y,Cynical to the bone. Hedonist https://t.co/MlLLMouNwP,Twitter for iPhone,el,1355610689923129345
OxiThaNtrapw,2021-01-30T19:56:49Z,"RT @urlocalfuckb0y: Με ανάρτηση του στο Facebook, ο ηθοποιός Ερρίκος Μηλιάρης κάνει τη δική του δήλωση για σεξουαλική παρενόχληση που δέχτηκε στον χώρο εργασίας του. Στα σχόλια της ανάρτησης αναφέρεται, και επιβεβαιώνεται από τον ίδιο, το όνομα του θύτη, Κώστα Ζάπα.
https://t.co/MDWbJpDB1s",,urlocalfuckb0y,"If you want a vision of the future, imagine a boot stamping on a human face - forever.",Twitter Web App,el,1355605909653901313
ioannina24,2021-01-30T19:20:36Z,ΕΛΛΑΔΑ-ΚΟΣΜΟΣ Η απάντηση του Κώστα Ζάπα στους τρεις ηθοποιούς μετά τις καταγγελίες για σεξουαλική παρενόχληση: Ο σκηνοθέτης Κώστας Ζάπας μέσω ανάρτησης που έκανε στον προσωπικό του λογαριασμό στο Facebook έδωσε τη δική του απάντηση μετά τις καταγγελίες… https://t.co/e45ro9IykO https://t.co/87X4HVVTzV,,,"...ό,τι συμβαίνει

Ο πληρέστερος δυκτιακός τόπος για τα Ιωαννινα και την Ηπειρο.",dlvr.it,el,1355596793627561984
MikeKou7,2021-01-30T19:18:09Z,"RT @urlocalfuckb0y: Οι συνάδελφοί του, Χάρης Τζωρτζακης και Γιάννης Νιαρρος, έγραψαν το όνομα του Κώστα Ζάπα στα σχόλια, καταγγέλοντας πως και οι ίδιοι αλλά και όλα τα νεαρά αγόρια της γενιάς τους, είχαν παρόμοιες τραυματικές εμπειρίες από τον ίδιο άνθρωπο.
Είμαστε εδώ. Είμαστε δίπλα σας.",,urlocalfuckb0y,"Ποδόσφαιρο, Μπάσκετ και Μουσική μόνο αγάπη. Μαύρο σε βιαστές, σεξιστές, ομοφοβικους, φασίστες, ρατσιστές, ακροδεξιούς και λοιπά σκουπίδια της κοινωνίας.",Twitter for Android,el,1355596177719373828
MikeKou7,2021-01-30T19:17:43Z,"RT @urlocalfuckb0y: Με ανάρτηση του στο Facebook, ο ηθοποιός Ερρίκος Μηλιάρης κάνει τη δική του δήλωση για σεξουαλική παρενόχληση που δέχτηκε στον χώρο εργασίας του. Στα σχόλια της ανάρτησης αναφέρεται, και επιβεβαιώνεται από τον ίδιο, το όνομα του θύτη, Κώστα Ζάπα.
https://t.co/MDWbJpDB1s",,urlocalfuckb0y,"Ποδόσφαιρο, Μπάσκετ και Μουσική μόνο αγάπη. Μαύρο σε βιαστές, σεξιστές, ομοφοβικους, φασίστες, ρατσιστές, ακροδεξιούς και λοιπά σκουπίδια της κοινωνίας.",Twitter for Android,el,1355596070554841094
aggelokrousmeni,2021-01-30T19:10:13Z,"RT @urlocalfuckb0y: Οι συνάδελφοί του, Χάρης Τζωρτζακης και Γιάννης Νιαρρος, έγραψαν το όνομα του Κώστα Ζάπα στα σχόλια, καταγγέλοντας πως και οι ίδιοι αλλά και όλα τα νεαρά αγόρια της γενιάς τους, είχαν παρόμοιες τραυματικές εμπειρίες από τον ίδιο άνθρωπο.
Είμαστε εδώ. Είμαστε δίπλα σας.",,urlocalfuckb0y,Καταθλιπτική μύξα με πόδια.🏳️‍🌈,Twitter for Android,el,1355594182455406594
aggelokrousmeni,2021-01-30T19:10:10Z,"RT @urlocalfuckb0y: Με ανάρτηση του στο Facebook, ο ηθοποιός Ερρίκος Μηλιάρης κάνει τη δική του δήλωση για σεξουαλική παρενόχληση που δέχτηκε στον χώρο εργασίας του. Στα σχόλια της ανάρτησης αναφέρεται, και επιβεβαιώνεται από τον ίδιο, το όνομα του θύτη, Κώστα Ζάπα.
https://t.co/MDWbJpDB1s",,urlocalfuckb0y,Καταθλιπτική μύξα με πόδια.🏳️‍🌈,Twitter for Android,el,1355594171986415616
ALex_A90,2021-01-30T19:07:18Z,"RT @urlocalfuckb0y: Οι συνάδελφοί του, Χάρης Τζωρτζακης και Γιάννης Νιαρρος, έγραψαν το όνομα του Κώστα Ζάπα στα σχόλια, καταγγέλοντας πως και οι ίδιοι αλλά και όλα τα νεαρά αγόρια της γενιάς τους, είχαν παρόμοιες τραυματικές εμπειρίες από τον ίδιο άνθρωπο.
Είμαστε εδώ. Είμαστε δίπλα σας.",,urlocalfuckb0y,"Ψυχοσύνθεσης ολίγον τι αφηρημένη. Το δύσκολο είναι πάντα πιο εύκολο 🤷🏼‍♀️ Αν δεν πιστεύεις στην ισότητα όλων, μπορείς να φύγεις #team_γιουβαρλάκια",Twitter for iPhone,el,1355593450054418434
ALex_A90,2021-01-30T19:07:17Z,"RT @urlocalfuckb0y: Με ανάρτηση του στο Facebook, ο ηθοποιός Ερρίκος Μηλιάρης κάνει τη δική του δήλωση για σεξουαλική παρενόχληση που δέχτηκε στον χώρο εργασίας του. Στα σχόλια της ανάρτησης αναφέρεται, και επιβεβαιώνεται από τον ίδιο, το όνομα του θύτη, Κώστα Ζάπα.
https://t.co/MDWbJpDB1s",,urlocalfuckb0y,"Ψυχοσύνθεσης ολίγον τι αφηρημένη. Το δύσκολο είναι πάντα πιο εύκολο 🤷🏼‍♀️ Αν δεν πιστεύεις στην ισότητα όλων, μπορείς να φύγεις #team_γιουβαρλάκια",Twitter for iPhone,el,1355593445038022657
quiet_ziam,2021-01-30T18:40:19Z,"RT @urlocalfuckb0y: Οι συνάδελφοί του, Χάρης Τζωρτζακης και Γιάννης Νιαρρος, έγραψαν το όνομα του Κώστα Ζάπα στα σχόλια, καταγγέλοντας πως και οι ίδιοι αλλά και όλα τα νεαρά αγόρια της γενιάς τους, είχαν παρόμοιες τραυματικές εμπειρίες από τον ίδιο άνθρωπο.
Είμαστε εδώ. Είμαστε δίπλα σας.",,urlocalfuckb0y,she/her,Twitter for Android,el,1355586656418541568
quiet_ziam,2021-01-30T18:40:17Z,"RT @urlocalfuckb0y: Με ανάρτηση του στο Facebook, ο ηθοποιός Ερρίκος Μηλιάρης κάνει τη δική του δήλωση για σεξουαλική παρενόχληση που δέχτηκε στον χώρο εργασίας του. Στα σχόλια της ανάρτησης αναφέρεται, και επιβεβαιώνεται από τον ίδιο, το όνομα του θύτη, Κώστα Ζάπα.
https://t.co/MDWbJpDB1s",,urlocalfuckb0y,she/her,Twitter for Android,el,1355586650030661637
ccaptainmarvell,2021-01-30T18:38:15Z,"RT @urlocalfuckb0y: Οι συνάδελφοί του, Χάρης Τζωρτζακης και Γιάννης Νιαρρος, έγραψαν το όνομα του Κώστα Ζάπα στα σχόλια, καταγγέλοντας πως και οι ίδιοι αλλά και όλα τα νεαρά αγόρια της γενιάς τους, είχαν παρόμοιες τραυματικές εμπειρίες από τον ίδιο άνθρωπο.
Είμαστε εδώ. Είμαστε δίπλα σας.",,urlocalfuckb0y,she/her / archaeologist & art historian / ravenclaw / martell & targaryen / full-time shitposter / με φωνάζουν και Stiles / haikyuu & teen wolf trash,Twitter for Android,el,1355586136949870594
KValeraina,2021-01-30T18:35:37Z,"RT @urlocalfuckb0y: Οι συνάδελφοί του, Χάρης Τζωρτζακης και Γιάννης Νιαρρος, έγραψαν το όνομα του Κώστα Ζάπα στα σχόλια, καταγγέλοντας πως και οι ίδιοι αλλά και όλα τα νεαρά αγόρια της γενιάς τους, είχαν παρόμοιες τραυματικές εμπειρίες από τον ίδιο άνθρωπο.
Είμαστε εδώ. Είμαστε δίπλα σας.",,urlocalfuckb0y,"Nihilist in the streets - existentialist in the sheets

https://t.co/EvnxU9RK9Z",Twitter for Android,el,1355585474858000390
KValeraina,2021-01-30T18:35:35Z,"RT @urlocalfuckb0y: Με ανάρτηση του στο Facebook, ο ηθοποιός Ερρίκος Μηλιάρης κάνει τη δική του δήλωση για σεξουαλική παρενόχληση που δέχτηκε στον χώρο εργασίας του. Στα σχόλια της ανάρτησης αναφέρεται, και επιβεβαιώνεται από τον ίδιο, το όνομα του θύτη, Κώστα Ζάπα.
https://t.co/MDWbJpDB1s",,urlocalfuckb0y,"Nihilist in the streets - existentialist in the sheets

https://t.co/EvnxU9RK9Z",Twitter for Android,el,1355585466175774721
DimitrisTheHeat,2021-01-30T18:33:20Z,"RT @urlocalfuckb0y: Οι συνάδελφοί του, Χάρης Τζωρτζακης και Γιάννης Νιαρρος, έγραψαν το όνομα του Κώστα Ζάπα στα σχόλια, καταγγέλοντας πως και οι ίδιοι αλλά και όλα τα νεαρά αγόρια της γενιάς τους, είχαν παρόμοιες τραυματικές εμπειρίες από τον ίδιο άνθρωπο.
Είμαστε εδώ. Είμαστε δίπλα σας.",,urlocalfuckb0y,"Influencer / Social media strategist / Έκανα την χολή να γελάσει / πρόμπλεμ σόλβερ /  ⛔ Εθνικιστές, φασίστες, ρουφιάνοι, μισογύνηδες, ομοφοβικοί και ρατσιστές ⛔",Twitter for Android,el,1355584899051364356
DimitrisTheHeat,2021-01-30T18:33:11Z,"RT @urlocalfuckb0y: Με ανάρτηση του στο Facebook, ο ηθοποιός Ερρίκος Μηλιάρης κάνει τη δική του δήλωση για σεξουαλική παρενόχληση που δέχτηκε στον χώρο εργασίας του. Στα σχόλια της ανάρτησης αναφέρεται, και επιβεβαιώνεται από τον ίδιο, το όνομα του θύτη, Κώστα Ζάπα.
https://t.co/MDWbJpDB1s",,urlocalfuckb0y,"Influencer / Social media strategist / Έκανα την χολή να γελάσει / πρόμπλεμ σόλβερ /  ⛔ Εθνικιστές, φασίστες, ρουφιάνοι, μισογύνηδες, ομοφοβικοί και ρατσιστές ⛔",Twitter for Android,el,1355584861860458498
dspnvf,2021-01-30T18:32:37Z,"RT @urlocalfuckb0y: Με ανάρτηση του στο Facebook, ο ηθοποιός Ερρίκος Μηλιάρης κάνει τη δική του δήλωση για σεξουαλική παρενόχληση που δέχτηκε στον χώρο εργασίας του. Στα σχόλια της ανάρτησης αναφέρεται, και επιβεβαιώνεται από τον ίδιο, το όνομα του θύτη, Κώστα Ζάπα.
https://t.co/MDWbJpDB1s",,urlocalfuckb0y,j'ai des bleus au coeur,Twitter for Android,el,1355584722181697541
svi_sefe,2021-01-30T18:32:08Z,"RT @urlocalfuckb0y: Με ανάρτηση του στο Facebook, ο ηθοποιός Ερρίκος Μηλιάρης κάνει τη δική του δήλωση για σεξουαλική παρενόχληση που δέχτηκε στον χώρο εργασίας του. Στα σχόλια της ανάρτησης αναφέρεται, και επιβεβαιώνεται από τον ίδιο, το όνομα του θύτη, Κώστα Ζάπα.
https://t.co/MDWbJpDB1s",,urlocalfuckb0y,Banana banana banana terracotta banana terracotta terracotta pie #SaveEpirus,Twitter for Android,el,1355584597384441861
maryonthesh0re,2021-01-30T18:27:52Z,"RT @urlocalfuckb0y: Με ανάρτηση του στο Facebook, ο ηθοποιός Ερρίκος Μηλιάρης κάνει τη δική του δήλωση για σεξουαλική παρενόχληση που δέχτηκε στον χώρο εργασίας του. Στα σχόλια της ανάρτησης αναφέρεται, και επιβεβαιώνεται από τον ίδιο, το όνομα του θύτη, Κώστα Ζάπα.
https://t.co/MDWbJpDB1s",,urlocalfuckb0y,Aspiring human being.,Twitter for Android,el,1355583526528315406
lunarmeows,2021-01-30T18:26:50Z,"RT @urlocalfuckb0y: Οι συνάδελφοί του, Χάρης Τζωρτζακης και Γιάννης Νιαρρος, έγραψαν το όνομα του Κώστα Ζάπα στα σχόλια, καταγγέλοντας πως και οι ίδιοι αλλά και όλα τα νεαρά αγόρια της γενιάς τους, είχαν παρόμοιες τραυματικές εμπειρίες από τον ίδιο άνθρωπο.
Είμαστε εδώ. Είμαστε δίπλα σας.",,urlocalfuckb0y,🐽,Twitter for iPhone,el,1355583263641903105
lunarmeows,2021-01-30T18:26:48Z,"RT @urlocalfuckb0y: Με ανάρτηση του στο Facebook, ο ηθοποιός Ερρίκος Μηλιάρης κάνει τη δική του δήλωση για σεξουαλική παρενόχληση που δέχτηκε στον χώρο εργασίας του. Στα σχόλια της ανάρτησης αναφέρεται, και επιβεβαιώνεται από τον ίδιο, το όνομα του θύτη, Κώστα Ζάπα.
https://t.co/MDWbJpDB1s",,urlocalfuckb0y,🐽,Twitter for iPhone,el,1355583257623089153
redheadoula,2021-01-30T18:25:55Z,"RT @urlocalfuckb0y: Οι συνάδελφοί του, Χάρης Τζωρτζακης και Γιάννης Νιαρρος, έγραψαν το όνομα του Κώστα Ζάπα στα σχόλια, καταγγέλοντας πως και οι ίδιοι αλλά και όλα τα νεαρά αγόρια της γενιάς τους, είχαν παρόμοιες τραυματικές εμπειρίες από τον ίδιο άνθρωπο.
Είμαστε εδώ. Είμαστε δίπλα σας.",,urlocalfuckb0y,Πραγμάτωνα Λίτσα Διαμάντη,Twitter Web App,el,1355583033332686852
redheadoula,2021-01-30T18:25:51Z,"RT @urlocalfuckb0y: Με ανάρτηση του στο Facebook, ο ηθοποιός Ερρίκος Μηλιάρης κάνει τη δική του δήλωση για σεξουαλική παρενόχληση που δέχτηκε στον χώρο εργασίας του. Στα σχόλια της ανάρτησης αναφέρεται, και επιβεβαιώνεται από τον ίδιο, το όνομα του θύτη, Κώστα Ζάπα.
https://t.co/MDWbJpDB1s",,urlocalfuckb0y,Πραγμάτωνα Λίτσα Διαμάντη,Twitter Web App,el,1355583019269156869
urlocalfuckb0y,2021-01-30T18:25:35Z,"Οι συνάδελφοί του, Χάρης Τζωρτζακης και Γιάννης Νιαρρος, έγραψαν το όνομα του Κώστα Ζάπα στα σχόλια, καταγγέλοντας πως και οι ίδιοι αλλά και όλα τα νεαρά αγόρια της γενιάς τους, είχαν παρόμοιες τραυματικές εμπειρίες από τον ίδιο άνθρωπο.
Είμαστε εδώ. Είμαστε δίπλα σας.",urlocalfuckb0y,,🏳️‍🌈σκατα στους φασίστες🏳️‍🌈,Twitter for Android,el,1355582950587432964
urlocalfuckb0y,2021-01-30T18:25:35Z,"Με ανάρτηση του στο Facebook, ο ηθοποιός Ερρίκος Μηλιάρης κάνει τη δική του δήλωση για σεξουαλική παρενόχληση που δέχτηκε στον χώρο εργασίας του. Στα σχόλια της ανάρτησης αναφέρεται, και επιβεβαιώνεται από τον ίδιο, το όνομα του θύτη, Κώστα Ζάπα.
https://t.co/MDWbJpDB1s",,,🏳️‍🌈σκατα στους φασίστες🏳️‍🌈,Twitter for Android,el,1355582948670640134
mononewsgr,2021-01-30T18:20:21Z,"Ερρίκος Μηλιάρης, Χάρης Τζωρτζάκης, Γιάννης Νιάρρος: Καταγγέλλουν το σκηνοθέτη Κώστα Ζάπα για σεξουαλική παρενόχληση | mononews #mononewsGR https://t.co/lDdSYmzdMV",,,Ειδησεογραφική Πλατφόρμα,Echobox,el,1355581632191852545
msnGreece,2021-01-30T18:06:07Z,Αλέξανδρος Βάρθης κατά Κώστα Ζάπα: Με ρώτησε «πόσο βαθιά μπορείς να φτάσεις για έναν ρόλο»; https://t.co/PmHNaOZZAL,,,"Διαβάστε τα τελευταία νέα από τον κόσμο, τους celebrities, τον αθλητισμό τον καιρό και αστεία βιντεάκια, στο https://t.co/GRFkIfXHkr",OxfordBlue-Twitter,el,1355578049828245505
HarisLebidakis,2021-01-30T17:54:02Z,[SHOWBIZ] Σοκάρουν οι περιγραφές : Τρείς ηθοποιοί καταγγέλλουν τον σκηνοθέτη Κώστα Ζάπα για σεξουαλική παρενόχληση https://t.co/KGRnYnQDAx,,,,dlvr.it,el,1355575012321726466
FTHISGR,2021-01-30T17:35:43Z,Ο ηθοποιός Αλέξανδρος Βάρθης καταγγέλλει με τη σειρά του τον σκηνοθέτη Κώστα Ζάπα https://t.co/3vcLUCreEb,,,"Follow this... Για να είσαι πάντα μπροστά!
➡️ Κατέβασε δωρεάν την εφαρμογή του FTHIS από το Google Play ή το App Store για να είσαι πάντα ενημερωμένος!",Twitter Web App,el,1355570400093220867
MissBloomgr,2021-01-30T16:56:00Z,Η συγκλονιστική απάντηση του σκηνοθέτη Κώστα Ζάπα σχετικά με τις καταγγελίες των ηθοποιών για παρενόχληση https://t.co/cf4deaddOq,,,"To Missbloom αναδεικνύει τις κορυφαίες τάσεις, τις τελευταίες ειδήσεις και τις πιο σημαντικές στιγμές στη γυναικεία μόδα, την ομορφιά και την ενημέρωση.",Echobox,el,1355560404601221130
Bizznews,2021-01-30T16:39:00Z,Νέα καταγγελία για τον Κώστα Ζάπα: Ο σκηνοθέτης μου ζήτησε εχεμύθια - https://t.co/wyoasWvWBj https://t.co/ROD6f5Z8yo,,,ΠΡΟΣΟΧΗ...ΤΣΙΜΠΑΕΙ!,Bizznews.gr,el,1355556126083985416
MIKROPRAGMATA,2021-01-30T16:28:03Z,Το βατερλώ της απάντησης του σκηνοθέτη Κώστα Ζάπα για τις καταγγελίες των αντρών https://t.co/TCYsemIEEp,,,,Echobox,el,1355553373249040385
mulatu18,2021-01-30T16:19:30Z,"RT @tvsxolio: Γιάννης Νιάρρος, Χάρης Τζωρτζακάκης, Ερρίκος Μηλιάρης, Άρης Αντωνόπουλος κ.α. κατηγορούν τον σκηνοθέτη Κώστα Ζάπα για ΣΕΞΟΥΑΛΙΚΗ ΠΑΡΕΝΟΧΛΗΣΗ σε οντισιόν.

 Ζητούσε να γδυθούν ή και να αυνανιστουν on camera.

#Κιμουλης #Σπυροπουλος #Ζαπας https://t.co/S5HPVTMr5K",,tvsxolio,Λατρευω να μισώ ηλίθιους - Το Μικρό Σπίτι Στο Ρημάδι,Twitter Web App,el,1355551222187642886
GPantool,2021-01-30T16:18:57Z,Ο Αλέξανδρος Βάρθης καταγγέλει τη δική του τραυματική εμπειρία με τον σκηνοθέτη Κώστα Ζάπα – https://t.co/CovT1uj9Xv https://t.co/uUN4CwpVNx,,,Provocative Visual artist and news feeder. You can read my news at https://t.co/BrQVJFcPyn and if you are a rocker https://t.co/ZbFadmsejJ,WordPress.com,el,1355551083024838658
newsmagreece,2021-01-30T16:18:55Z,Ο Αλέξανδρος Βάρθης καταγγέλει τη δική του τραυματική εμπειρία με τον σκηνοθέτη Κώστα Ζάπα – https://t.co/pc7V1rXnkz https://t.co/4buSsCWfvR,,,,WordPress.com,el,1355551072576790528
DonKounelas,2021-01-30T16:11:27Z,RT @lifomag: Το βατερλώ της απάντησης του σκηνοθέτη Κώστα Ζάπα για τις καταγγελίες των αντρών https://t.co/CyBLKkDxEi,,lifomag,,Twitter for Android,el,1355549195487358977
kostisbitsios,2021-01-30T16:08:14Z,Τρεις άνδρες ηθοποιοί κατηγορούν τον σκηνοθέτη Κώστα #Ζάπα για σεξουαλική παρενόχληση  #LIFO https://t.co/lam6GK4pYu #ΓιάννηςΝιάρος #ΓιώργοςΚιμούλης #ΕρρίκοςΜηλιάρης #ΚώσταςΖάπας #ΚώσταςΣπυρόπουλος #ΧάρηςΤζωρτζάκης #ΚώσταςΖάπας #Μηλιάρης #Τζωρτζάκης #Νιάρος #ΜεΤηΣοφια #MeToo,,,Lawyer. Activist https://t.co/ZojsyDfI53 8 years in my life - A TRUE COLLECTOR (according to #BarbraStreisand),Twitter for iPhone,el,1355548385869230083
lifomag,2021-01-30T16:05:02Z,Το βατερλώ της απάντησης του σκηνοθέτη Κώστα Ζάπα για τις καταγγελίες των αντρών https://t.co/CyBLKkDxEi,,,https://t.co/CvBqTIYTGO Το μεγαλύτερο πολυθεματικό σάιτ/ οδηγός της Ελλάδας--H Νο.1 σε αναγνωσιμότητα εβδομαδιαία εφημερίδα (Μετρήσεις BARI-Focus /Google Analytics 2020),Echobox,el,1355547577601695745
magdatsegkou,2021-01-30T16:04:46Z,"Ο ηθοποιός Αλέξανδρος Βάρθης, ορμώμενος από την κίνηση των συναδέλφων του, θέλησε μέσω μιας ανάρτησή του να αποκαλύψει και τη δική του εμπειρία με τον σκηνοθέτη Κώστα Ζάπα.

https://t.co/pPEpNQ0bPP",,,"Δημοσιογράφος  
* https://t.co/3zhqqsrQWR  
* https://t.co/CUXqtT6BWl  
*work experience : 
Star- Alter-Skai channel (2000-2017)
journalist-tv presenter
YouTube: Magda Ts",Hootsuite Inc.,el,1355547512644501511
asterathmaria,2021-01-30T15:47:36Z,"RT @tlifegr: Αλέξανδρος Βάρθης: Kαταγγέλει με τη σειρά του τη δική του τραυματική εμπειρία με τον σκηνοθέτη Κώστα Ζάπα
https://t.co/O5pgxvdcI3",,tlifegr,Νηπιαγωγός(άνεργη),Twitter for Android,el,1355543192372981767
godelitsas,2021-01-30T15:41:48Z,RT @Typos_Ipirou: Τρεις άνδρες ηθοποιοί κατηγορούν τον σκηνοθέτη Κώστα Ζάπα για σεξουαλική παρενόχληση https://t.co/ax9dCWjd65,,Typos_Ipirou,@uoaofficial visiting @unicomplutense and @UniOulu / #mineralogy #geochemistry #nanogeoscience - arts & metal music - | RTs mean interest not opinion,Twitter Web App,el,1355541733443047427
Typos_Ipirou,2021-01-30T15:38:31Z,Τρεις άνδρες ηθοποιοί κατηγορούν τον σκηνοθέτη Κώστα Ζάπα για σεξουαλική παρενόχληση https://t.co/ax9dCWjd65,,,ΕΒΔΟΜΑΔΙΑΙΑ ΠΕΡΙΦΕΡΕΙΑΚΗ ΕΦΗΜΕΡΙΔΑ,WordPress.com,el,1355540904652787714
3AhOm02OqUHVeCX,2021-01-30T15:35:36Z,"Για τη δημιουργία ενός συλλογικού ""εκφοβισμού"".
Νέες καταγγελίες τριών ανδρών ηθοποιών για σεξουαλική παρενόχληση από τον σκηνοθέτη Κώστα Ζάπα https://t.co/RsbwLrOLKZ",,,the word for world is forest,Twitter for Android,el,1355540172406988800
Fo_Mavili,2021-01-30T15:33:28Z,RT @flixgr: Κατηγορίες παρενόχλησης και ανάρμοστης σεξουαλικής συμπεριφοράς κατά του Κώστα Ζάπα - η απάντηση του σκηνοθέτη https://t.co/a7lDqwxigs https://t.co/nUWTev7QEj,,flixgr,"Sociologist, University of Peloponnese,

Διεθνής Αμνηστία, @AmnestyGreece,
ΝοDM παρακαλώ",Twitter for Android,el,1355539633745113096
zuridion,2021-01-30T15:23:14Z,RT @flixgr: Κατηγορίες παρενόχλησης και ανάρμοστης σεξουαλικής συμπεριφοράς κατά του Κώστα Ζάπα - η απάντηση του σκηνοθέτη https://t.co/a7lDqwxigs https://t.co/nUWTev7QEj,,flixgr,I let other people win from time to time just so they'll play with me.,Twitter for Android,el,1355537062053748743
GPantool,2021-01-30T15:18:43Z,Αλέξανδρος Βάρθης: Kαταγγέλει με τη σειρά του τη δική του τραυματική εμπειρία με τον σκηνοθέτη Κώστα Ζάπα https://t.co/A9qUcHMhpM,,,Provocative Visual artist and news feeder. You can read my news at https://t.co/BrQVJFcPyn and if you are a rocker https://t.co/ZbFadmsejJ,WordPress.com,el,1355535922645839884
newsmagreece,2021-01-30T15:18:40Z,Αλέξανδρος Βάρθης: Kαταγγέλει με τη σειρά του τη δική του τραυματική εμπειρία με τον σκηνοθέτη Κώστα Ζάπα https://t.co/EQlxXMFqJk,,,,WordPress.com,el,1355535912248233990
tlifegr,2021-01-30T15:18:29Z,"Αλέξανδρος Βάρθης: Kαταγγέλει με τη σειρά του τη δική του τραυματική εμπειρία με τον σκηνοθέτη Κώστα Ζάπα
https://t.co/O5pgxvdcI3",,,The female side of life,Twitter Web App,el,1355535864496054272
ManosKats,2021-01-30T15:13:53Z,iFamous News: Αλέξανδρος Βάρθης κατά Κώστα Ζάπα: Με ρώτησε «πόσο... https://t.co/S5D7d7HICi,,,Journalist-Radio producer-Blogger,Twitter Web App,el,1355534705819578373
DKokkaliaris,2021-01-30T15:00:41Z,RT @flixgr: Κατηγορίες παρενόχλησης και ανάρμοστης σεξουαλικής συμπεριφοράς κατά του Κώστα Ζάπα - η απάντηση του σκηνοθέτη https://t.co/a7lDqwxigs https://t.co/nUWTev7QEj,,flixgr,#Atheist #Secular #Humanist #LGBTQ #Antiracist #Freethinker #HumanRights #AnimalRights,Twitter Web App,el,1355531383528181761
NChatzinikolaou,2021-01-30T14:35:26Z,RT @enikos_gr: Η απάντηση του Κώστα Ζάπα στους τρεις ηθοποιούς μετά τις καταγγελίες για σεξουαλική παρενόχληση https://t.co/Esvu5EDTjU,,enikos_gr,Εκδότης της Realnews και των https://t.co/XtRe5Wo6RX και https://t.co/BvCTDucu0a,Twitter for iPhone,el,1355525029337968640
camerastylogr,2021-01-30T14:18:18Z,https://t.co/tGrqMWRd98 ||| Τρεις άνδρες ηθοποιοί κατηγορούν τον σκηνοθέτη Κώστα Ζάπα για σεξουαλική παρενόχληση ||| Κώστας Ζάπας: Ο σκηνοθέτης απάντησε στις καταγγελίες ηθοποιών για παρενόχληση- «Δεν απαγορεύεται να ζητήσεις γυμνό»,,,διαδικτυακό περιοδικό για όλες τις τέχνες,Twitter Web App,el,1355520717714980866
ipopgr,2021-01-30T14:13:05Z,"Η απάντηση του Κώστα Ζάπα για τις καταγγελίες των ηθοποιών
#ipopgr
https://t.co/nTYX2zUFKP",,,https://t.co/Z0d35eV2HD,Twitter Web App,el,1355519406219157504
THIVAHELLAS,2021-01-30T14:04:45Z,"RT @TOPONTIKI: «Με ρώτησε ""πόσο βαθιά μπορείς να φτάσεις για έναν ρόλο""» - Νέα καταγγελία κατά του Κώστα Ζάπα https://t.co/z7Gu4QrXz6",,TOPONTIKI,https://t.co/dGSmKrYcmw.         ΘΗΒΑ            https://t.co/EvuTFOeRVE,Twitter for Android,el,1355517310048608256
SparkGri,2021-01-30T14:02:56Z,RT @flixgr: Κατηγορίες παρενόχλησης και ανάρμοστης σεξουαλικής συμπεριφοράς κατά του Κώστα Ζάπα - η απάντηση του σκηνοθέτη https://t.co/a7lDqwxigs https://t.co/nUWTev7QEj,,flixgr,I'm a street walking cheetah with a heart full of napalm / In the time of chimpanzees I was a monkey with a little less drama,Twitter for Android,el,1355516854010261508
flixgr,2021-01-30T14:00:14Z,Κατηγορίες παρενόχλησης και ανάρμοστης σεξουαλικής συμπεριφοράς κατά του Κώστα Ζάπα - η απάντηση του σκηνοθέτη https://t.co/a7lDqwxigs https://t.co/nUWTev7QEj,,,Everything you wanted to know about cinema (and you were afraid to ask),Hootsuite Inc.,el,1355516172926644227
newsbreakGR,2021-01-30T13:54:32Z,"Τζωρτζάκης, Νιάρρος και Μηλιάρης καταγγέλουν τον Κώστα Ζάπα για σεξουαλική παρενόχληση – Η απάντηση του σκηνοθέτη https://t.co/HpX2qtsMxu #newsbreak",,,Ειδήσεις από την Ελλάδα & τον κόσμο.,dlvr.it,el,1355514737585344519
TOPONTIKI,2021-01-30T13:48:55Z,"«Με ρώτησε ""πόσο βαθιά μπορείς να φτάσεις για έναν ρόλο""» - Νέα καταγγελία κατά του Κώστα Ζάπα https://t.co/z7Gu4QrXz6",,,"Eβδομαδιαία Πολιτική- Σατιρική και Aποκαλυπτική εφημερίδα. (Από το...1979, ε;)",Twitter Web App,el,1355513325417848842
tvxs,2021-01-30T13:48:20Z,Νέες καταγγελίες τριών ανδρών ηθοποιών για σεξουαλική παρενόχληση από τον σκηνοθέτη Κώστα Ζάπα https://t.co/vad6QABk4m,,,"Βρείτε μας επίσης: 
https://t.co/5RQm1HQGZs
https://t.co/GmFtQEU0Vk
Επικοινωνήστε μαζί μας: info@tvxs.gr",tvxs,el,1355513178566881280
DimiDavos,2021-01-30T13:46:55Z,"Αλέξανδρος Βάρθης κατά Κώστα Ζάπα: Με ρώτησε «πόσο βαθιά μπορείς να φτάσεις για έναν ρόλο».....

ΜΕΧΡΙ ΤΟ ΣΤΟΜΑΧΙ ΤΟΥ ΕΙΠΑ....",,,Μαθηματικος Φροντιστης. Πολιτικος προσφυγας διωγμενος απο το FB ! Εχω ζητησει ασυλο στο Twitter .Σταλινοφασιστες στελνονται σε γκουλακ-μπλοκ!,Twitter Web App,el,1355512820381741059
MeaCulpagr,2021-01-30T13:35:33Z,Αλέξανδρος Βάρθης κατά Κώστα Ζάπα: Με ρώτησε «πόσο βαθιά μπορείς να φτάσεις για έναν ρόλο»; https://t.co/FSpIK5fvto https://t.co/FCbE1DIGMD,,,Το https://t.co/kCcLWYUoSj είναι διαδικτυακός κόμβος αδέσμευτης ενημέρωσης και ελεύθερης άποψης με έμφαση στη χρήση πολυμέσων και την παραγωγή αυθεντικού υλικού.,dlvr.it,el,1355509958943510528
GPantool,2021-01-30T13:33:27Z,Η απάντηση του Κώστα Ζάπα μετά τις καταγγελίες για σεξουαλική παρενόχληση – https://t.co/CovT1uj9Xv https://t.co/YOdkVbkQ0c,,,Provocative Visual artist and news feeder. You can read my news at https://t.co/BrQVJFcPyn and if you are a rocker https://t.co/ZbFadmsejJ,WordPress.com,el,1355509432839450630
newsmagreece,2021-01-30T13:33:25Z,Η απάντηση του Κώστα Ζάπα μετά τις καταγγελίες για σεξουαλική παρενόχληση – https://t.co/pc7V1rXnkz https://t.co/SL2bJOGpbQ,,,,WordPress.com,el,1355509422496342017
DeteGrPatras,2021-01-30T13:31:09Z,Αλέξανδρος Βάρθης κατά Κώστα Ζάπα: Με ρώτησε «πόσο βαθιά μπορείς να φτάσεις για έναν ρόλο»; - https://t.co/ACYLxMbOW7 https://t.co/jZZp1OrbLY,,,https://t.co/vSBJa9uB,dete autopost,el,1355508854864404484
taxydromosvolos,2021-01-30T13:21:49Z,Η απάντηση του Κώστα Ζάπα στους τρεις ηθοποιούς μετά τις καταγγελίες για σεξουαλική παρενόχληση https://t.co/YNUEv5zXxE,,,,Twitter Web App,el,1355506502757470212
enikos_gr,2021-01-30T13:05:56Z,Η απάντηση του Κώστα Ζάπα στους τρεις ηθοποιούς μετά τις καταγγελίες για σεξουαλική παρενόχληση https://t.co/Esvu5EDTjU,,,Εδώ μιλάμε στον ενικό.,enikos.gr manhattan,el,1355502508244951042
vimapress,2021-01-30T13:02:12Z,Νέες καταγγελίες: Τρεις άνδρες ηθοποιοί κατηγορούν τον γνωστό σκηνοθέτη Κώστα Ζάπα για σεξουαλική παρενόχληση -  - https://t.co/ludiNxmAin,,,"Ειδήσεις και νέα από την Θεσσαλονίκη, την Ελλάδα και τον Κόσμο https://t.co/UQrxsJy4Vx",,el,1355501566430687233
KenDollOfficial,2021-01-30T12:46:27Z,RT @lifomag: Τρεις άνδρες ηθοποιοί κατηγορούν τον σκηνοθέτη Κώστα Ζάπα για σεξουαλική παρενόχληση https://t.co/KMo6CDXq7p,,lifomag,"💫""When all of your wishes are granted, many of your dreams will be destroyed"".🤴🏼Η ομορφιά δεν κρατάει για πάντα, η ασχήμια όμως κρατάει. #survivor2021",Twitter for iPhone,el,1355497605632045058
Afrodite_LoveES,2021-01-30T12:38:40Z,RT @lifomag: Τρεις άνδρες ηθοποιοί κατηγορούν τον σκηνοθέτη Κώστα Ζάπα για σεξουαλική παρενόχληση https://t.co/KMo6CDXq7p,,lifomag,Monbebe but im a multi aka i stan too many groups.Obsessed with CQL/MDZS.Love Yibo and Xiao Zhan.❤Cory is my biatch ❤️ (fan account)(24) she/her,Twitter for Android,el,1355495644048347136
bovarygr,2021-01-30T12:37:21Z,Τρεις άνδρες ηθοποιοί καταγγέλλουν τον σκηνοθέτη Κώστα Ζάπα για σεξουαλική παρενόχληση https://t.co/uAzCTLAXZT,,,Έχουμε μεγάλη ιδέα... για τη μόδα και την αισθητική. Μια ιδέα που πάει μακριά και το bovary.gr είναι μόνο η αρχή.,Echobox,el,1355495316242497537
HarisLebidakis,2021-01-30T12:34:13Z,Σοκάρουν οι περιγραφές : Τρείς ηθοποιοί καταγγέλλουν τον σκηνοθέτη Κώστα Ζάπα για σεξουαλική παρενόχληση | NewsPistol - Ειδήσεις με υπογραφή. Χάρης Λεμπιδάκης. https://t.co/sTjQIMMOtM,,,,Twitter Web App,el,1355494526366994433
rikoulini,2021-01-30T12:25:08Z,Τρεις άνδρες ηθοποιοί κατηγορούν τον σκηνοθέτη Κώστα Ζάπα για σεξουαλική παρενόχληση | LiFO https://t.co/9wIydbfLcS,,,,Twitter for iPhone,el,1355492240643268608
U0BOSnRZ61dflOz,2021-01-30T12:25:08Z,"RT @tvsxolio: Γιάννης Νιάρρος, Χάρης Τζωρτζακάκης, Ερρίκος Μηλιάρης, Άρης Αντωνόπουλος κ.α. κατηγορούν τον σκηνοθέτη Κώστα Ζάπα για ΣΕΞΟΥΑΛΙΚΗ ΠΑΡΕΝΟΧΛΗΣΗ σε οντισιόν.

 Ζητούσε να γδυθούν ή και να αυνανιστουν on camera.

#Κιμουλης #Σπυροπουλος #Ζαπας https://t.co/S5HPVTMr5K",,tvsxolio,Πρώτα σε αγνοούν μετά σε κοροϊδεύουν έπειτα σε πολεμούν και τελικά τους νικάς.😏😜😘,Twitter for Android,el,1355492238978142208
imonaxos,2021-01-30T12:12:47Z,"RT @stoxos: Γιάννης Νιάρρος, Χάρης Τζωρτζάκης, Ερρίκος Μηλιάρης καταγγέλλουν τον σκηνοθέτη Κώστα Ζάπα για σεξουαλική παρενόχληση https://t.co/4q6Lzo8GnF",,stoxos,DEUS. ex. machina,Tweetbot for iΟS,el,1355489132840161283
kwnikos35,2021-01-30T11:58:32Z,Τρεις άνδρες ηθοποιοί κατηγορούν τον σκηνοθέτη Κώστα Ζάπα για σεξουαλική παρενόχληση https://t.co/YCpLgDCDNF,,,Ανεξάρτητο πνεύμα.,GPostApp2,el,1355485544260792327
polsg_athens,2021-01-30T11:57:53Z,RT @lifomag: Τρεις άνδρες ηθοποιοί κατηγορούν τον σκηνοθέτη Κώστα Ζάπα για σεξουαλική παρενόχληση https://t.co/KMo6CDXq7p,,lifomag,Climate Actioy network. Green Energy. Gender equality.,Twitter for iPhone,el,1355485380863266821
Speedynewsgr,2021-01-30T11:52:24Z,Τρεις άνδρες ηθοποιοί κατηγορούν τον σκηνοθέτη Κώστα Ζάπα για σεξουαλική παρενόχληση - https://t.co/AhfLohGa6h https://t.co/5PdtXRxQod,,,"Η νέα και έγκυρη άποψη για τις ειδήσεις από τη Θεσσαλονίκη, την Ελλάδα και τον κόσμο. 

Καθημερινά, στην πρώτη γραμμή της ενημέρωσης.",,el,1355484002480758790
mariangelaki7,2021-01-30T11:45:51Z,RT @lifomag: Τρεις άνδρες ηθοποιοί κατηγορούν τον σκηνοθέτη Κώστα Ζάπα για σεξουαλική παρενόχληση https://t.co/KMo6CDXq7p,,lifomag,,Twitter for iPhone,el,1355482354928783362
katsarouisidora,2021-01-30T11:43:00Z,RT @lifomag: Τρεις άνδρες ηθοποιοί κατηγορούν τον σκηνοθέτη Κώστα Ζάπα για σεξουαλική παρενόχληση https://t.co/KMo6CDXq7p,,lifomag,Έ(ου)λα δεν το πιστεύω😱!!,Twitter for Android,el,1355481637551747072
zoeminits,2021-01-30T11:40:20Z,"Μετά τον Κιμουλη και τον Σπυροπουλο, άλλοι 3 άνθρωποι καταγγέλλουν σεξουαλική παρενόχληση από τον  σκηνοθέτη Κώστα Ζαπα σε οντισιόν! Μπράβο στα παιδιά! 👏👏
#metooGR #elaxamogela #kalytera #Kimoulis https://t.co/edUtJrmras",,,,Twitter for Android,el,1355480965645217792
christinelionti,2021-01-30T11:32:33Z,RT @lifomag: Τρεις άνδρες ηθοποιοί κατηγορούν τον σκηνοθέτη Κώστα Ζάπα για σεξουαλική παρενόχληση https://t.co/KMo6CDXq7p,,lifomag,•𝐋𝐚𝐰 𝐀𝐔𝐓𝐇•⚖️ •𝐂𝐨𝐥𝐮𝐦𝐧𝐢𝐬𝐭 𝐢𝐧 𝗠𝗔𝗫𝗠𝗔𝗚• •Elsa member• 𝟐𝟎🦋,Twitter for iPhone,el,1355479008721436677
stoxos,2021-01-30T11:12:32Z,"Γιάννης Νιάρρος, Χάρης Τζωρτζάκης, Ερρίκος Μηλιάρης καταγγέλλουν τον σκηνοθέτη Κώστα Ζάπα για σεξουαλική παρενόχληση https://t.co/4q6Lzo8GnF",,,ΕΒΔΟΜΑΔIΑΙΑ ΕΦΗΜΕΡΙΔΑ ΤΗΣ ΕΘΝΙΚΗΣ ΑΝΤΙΣΤΑΣΗΣ --- ΚΑΘΕ ΠΕΜΠΤΗ ΚΑΙ ΓΙΑ ΟΛΗ ΤΗΝ ΕΒΔΟΜΑΔΑ ΣΕ ΟΛΟΚΛΗΡΗ ΤΗΝ ΕΩΣ ΤΩΡΑ ΑΠΕΛΕΥΘΕΡΩΜΕΝΗ ΕΛΛΑΔΑ!,dlvr.it,el,1355473970674368513
spnewsgr,2021-01-30T11:03:03Z,RT @thess_news: Τρεις ηθοποιοί καταγγέλλουν τον σκηνοθέτη Κώστα Ζάπα για σεξουαλική παρενόχληση https://t.co/ibvlwZH3FY #thessaloniki #thessnews #greece,,thess_news,,dlvr.it,el,1355471581166796809
sirmatsis,2021-01-30T11:03:02Z,RT @thess_news: Τρεις ηθοποιοί καταγγέλλουν τον σκηνοθέτη Κώστα Ζάπα για σεξουαλική παρενόχληση https://t.co/ibvlwZH3FY #thessaloniki #thessnews #greece,,thess_news,"Journalist , Radio Thessaloniki 94,5 fm, newspaper ThessNews, portal Thessnews.gr",dlvr.it,el,1355471580806045698
thess_news,2021-01-30T11:02:03Z,Τρεις ηθοποιοί καταγγέλλουν τον σκηνοθέτη Κώστα Ζάπα για σεξουαλική παρενόχληση https://t.co/ibvlwZH3FY #thessaloniki #thessnews #greece,,,,dlvr.it,el,1355471329462390784
agrinio24gr,2021-01-30T10:37:28Z,Τρεις άνδρες ηθοποιοί κατηγορούν τον σκηνοθέτη Κώστα Ζάπα για σεξουαλική παρενόχληση - https://t.co/2HxzHjaXLu https://t.co/MCySqgl3Bq,,,24 Ωρες Ενημέρωση,AGRINIO24.COM,el,1355465143837143044
asterathmaria,2021-01-30T10:35:42Z,RT @tlifegr: Τρεις ηθοποιοί καταγγέλλουν δημόσια τον γνωστό σκηνοθέτη Κώστα Ζάπα. https://t.co/1e341vxcxW,,tlifegr,Νηπιαγωγός(άνεργη),Twitter for Android,el,1355464698544738306
TadeEfh123,2021-01-30T10:33:38Z,RT @tlifegr: Τρεις ηθοποιοί καταγγέλλουν δημόσια τον γνωστό σκηνοθέτη Κώστα Ζάπα. https://t.co/1e341vxcxW,,tlifegr,Χρωμα δεν αλλαζουνε τα ματια.......Μόνο τροπο που κοιτανε!,Twitter for Android,el,1355464179721900032
tlifegr,2021-01-30T10:19:12Z,Τρεις ηθοποιοί καταγγέλλουν δημόσια τον γνωστό σκηνοθέτη Κώστα Ζάπα. https://t.co/1e341vxcxW,,,The female side of life,Twitter Web App,el,1355460547068751872
StellaTsirnika,2021-01-30T10:16:44Z,Σήμερα ξυπνήσαμε για να ακούσουμε καταγγελίες από άνδρες αυτή τη φορά κατά του σκηνοθέτη Κώστα Ζάπα για σεξουαλικη παρενόχληση. https://t.co/uwT0cJw0R1,,,Harvard Graduate School of Education ❣️creator https://t.co/eXkGSJT9r7,Twitter for iPhone,el,1355459925296734210
exbrunette_,2021-01-30T10:16:06Z,"RT @prezatv: Ερρίκος Μηλιάρης, Χάρης Τζωρτζάκης και Γιάννης Νιάρρος καταγγέλλουν τον σκηνοθέτη Κώστα Ζάπα | Νιάρρος: «δεν ήμουν αρκετά διαθέσιμος ώστε να του “δείξω τον πούτσο μου” (το διατυπώνω όπως και μου ζητήθηκε αυτολεξεί). #MeToo #MeTooGr  https://t.co/M6dv2o9qVO",,prezatv,"🧚🏼‍♀️Ταυρινα με σκορπίνα, προσπαθώ να έχω positive vibes όταν δεν παθαίνω mental breakdown. Πεινάω συνέχεια.💁🏽‍♀️",Twitter for iPhone,el,1355459769369243649
presshub_gr,2021-01-30T10:14:36Z,"#Ερρίκος Μηλιάρης, Χάρης Τζωρτζάκης,  #Γιάννης Νιάρρος: Καταγγέλλουν το σκηνοθέτη Κώστα Ζάπα για σεξουαλική παρενόχληση https://t.co/33ynWuM4lS",,,Επιλογή και αξιολόγηση ειδήσεων με τεχνητή νοημοσύνη από τα μεγαλύτερα ελληνικά δημοσιογραφικά sites.Σχολιάζουμε  και στο https://t.co/DesT7SOhKU,presshub.gr,el,1355459390506213377
MiraToIiou,2021-01-30T10:01:21Z,RT @lifomag: Τρεις άνδρες ηθοποιοί κατηγορούν τον σκηνοθέτη Κώστα Ζάπα για σεξουαλική παρενόχληση https://t.co/KMo6CDXq7p,,lifomag,"'We're all a little bit gay.' Styles, H. 2018 🏳️‍🌈🇬🇷 | she, her",Twitter for Android,el,1355456054256132097
GiannopoulosG,2021-01-30T09:56:51Z,"RT @prezatv: Ερρίκος Μηλιάρης, Χάρης Τζωρτζάκης και Γιάννης Νιάρρος καταγγέλλουν τον σκηνοθέτη Κώστα Ζάπα | Νιάρρος: «δεν ήμουν αρκετά διαθέσιμος ώστε να του “δείξω τον πούτσο μου” (το διατυπώνω όπως και μου ζητήθηκε αυτολεξεί). #MeToo #MeTooGr  https://t.co/M6dv2o9qVO",,prezatv,"Web desinger και web developer. Wordpress lover. Παλιά, ομόρφαινα το https://t.co/GzpYWxoiiV και το https://t.co/Rn1iIcTKGI.",Twitter for Android,el,1355454922771324929
AgrinioNews,2021-01-30T09:44:10Z,Νέες καταγγελίες τριών ανδρών ηθοποιών για σεξουαλική παρενόχληση από τον σκηνοθέτη Κώστα Ζάπα - https://t.co/8ivJQpLKAO https://t.co/oiLIPuSbQ8,,,"Η διαδικτυακή σου ενημέρωση, ενημερωτικό site για το Αγρίνιο",agrinionewsTwit,el,1355451732881453056
SomeoneChrisFan,2021-01-30T09:43:37Z,"RT @tvsxolio: Γιάννης Νιάρρος, Χάρης Τζωρτζακάκης, Ερρίκος Μηλιάρης, Άρης Αντωνόπουλος κ.α. κατηγορούν τον σκηνοθέτη Κώστα Ζάπα για ΣΕΞΟΥΑΛΙΚΗ ΠΑΡΕΝΟΧΛΗΣΗ σε οντισιόν.

 Ζητούσε να γδυθούν ή και να αυνανιστουν on camera.

#Κιμουλης #Σπυροπουλος #Ζαπας https://t.co/S5HPVTMr5K",,tvsxolio,"Brain-drained from Greece to UK!
Chemist in Greece, Master in Biochemistry...
Studying for a PhD!
University of Warwick",Twitter Web App,el,1355451591583821824
AgrinioPress,2021-01-30T09:42:01Z,AgrinioPress: Τρεις άνδρες ηθοποιοί κατηγορούν τον σκηνοθέτη Κώστα Ζάπα για σεξουαλική παρενόχληση - https://t.co/mwmUnCzsqa https://t.co/YlvIOlrcXv,,,Νέα από το Αγρίνιο και την Αιτωλοακαρνανία,ap_postit,el,1355451191178747905
fws_gr,2021-01-30T09:41:02Z,Τρεις άνδρες ηθοποιοί καταγγέλλουν τον σκηνοθέτη Κώστα Ζάπα https://t.co/L98Ib5uBIc,,,"https://t.co/bqasvwH2BH Fueled With Sports
Αθλητική και πολιτική ενημέρωση, άποψη και ψυχαγωγία",App for Nextscripts.com in FWS,el,1355450941215027201
stefs,2021-01-30T09:16:26Z,"της ανωμαλίας γίνεται
LiFO mobile: Τρεις άνδρες ηθοποιοί κατηγορούν τον σκηνοθέτη Κώστα Ζάπα για σεξουαλική παρενόχληση.
https://t.co/Vb5T7aJ8tT

μέσω @GoogleNews",,,,Twitter for Android,el,1355444751810654211
marymarygr,2021-01-30T09:05:49Z,"Ερρίκος Μηλιάρης, Χάρης Τζωρτζάκης, Γιάννης Νιάρρος: Καταγγέλλουν το σκηνοθέτη Κώστα Ζάπα για σεξουαλική παρενόχληση https://t.co/GGFlI0j664",,,"Ρούχα σχεδιασμένα από την Μαρία Μπακοδήμου για τη Marymary!! Tο καλύτερο σου είναι όταν είσαι ο εαυτός σου!!
http://t.co/KD12deChit",TweetDeck,el,1355442080600961026
xristina_gg,2021-01-30T09:00:04Z,"RT @prezatv: Ερρίκος Μηλιάρης, Χάρης Τζωρτζάκης και Γιάννης Νιάρρος καταγγέλλουν τον σκηνοθέτη Κώστα Ζάπα | Νιάρρος: «δεν ήμουν αρκετά διαθέσιμος ώστε να του “δείξω τον πούτσο μου” (το διατυπώνω όπως και μου ζητήθηκε αυτολεξεί). #MeToo #MeTooGr  https://t.co/M6dv2o9qVO",,prezatv,,Twitter Web App,el,1355440633322860545
tvsxolio,2021-01-30T08:51:11Z,"Γιάννης Νιάρρος, Χάρης Τζωρτζακάκης, Ερρίκος Μηλιάρης, Άρης Αντωνόπουλος κ.α. κατηγορούν τον σκηνοθέτη Κώστα Ζάπα για ΣΕΞΟΥΑΛΙΚΗ ΠΑΡΕΝΟΧΛΗΣΗ σε οντισιόν.

 Ζητούσε να γδυθούν ή και να αυνανιστουν on camera.

#Κιμουλης #Σπυροπουλος #Ζαπας https://t.co/S5HPVTMr5K",,,"Σχολιάζω ό,τι κινείται στην ελληνική τηλεόραση!",Twitter for Android,el,1355438396420878337
prezatv,2021-01-30T08:49:47Z,"Ερρίκος Μηλιάρης, Χάρης Τζωρτζάκης και Γιάννης Νιάρρος καταγγέλλουν τον σκηνοθέτη Κώστα Ζάπα | Νιάρρος: «δεν ήμουν αρκετά διαθέσιμος ώστε να του “δείξω τον πούτσο μου” (το διατυπώνω όπως και μου ζητήθηκε αυτολεξεί). #MeToo #MeTooGr  https://t.co/M6dv2o9qVO",,,"Είμαστε αναλώσιμη ύλη, σε έναν κόσμο που διαρκώς ανακυκλώνεται.  | ©prezatv",Twitter for iPhone,el,1355438045617598464
coffeeradiogr,2021-01-30T08:48:04Z,"Γιώργος Νιάρρος, Χάρης Τζωρτζάκης, Ερρίκος Μηλιάρης καταγγέλλουν τον σκηνοθέτη Κώστα Ζάπα για σεξουαλική παρενόχληση - https://t.co/ab1fxiKbrN https://t.co/MHqcnsDlcH",,,"https://t.co/Os1aUjcu9S High Quality Music, Coffee Music, for Coffee Shops, Hotels, Shops and for Everyone. 100% follow back.",Coffee Radio,el,1355437615319814147
lifomag,2021-01-30T08:44:54Z,Τρεις άνδρες ηθοποιοί κατηγορούν τον σκηνοθέτη Κώστα Ζάπα για σεξουαλική παρενόχληση https://t.co/KMo6CDXq7p,,,https://t.co/CvBqTIYTGO Το μεγαλύτερο πολυθεματικό σάιτ/ οδηγός της Ελλάδας--H Νο.1 σε αναγνωσιμότητα εβδομαδιαία εφημερίδα (Μετρήσεις BARI-Focus /Google Analytics 2020),Echobox,el,1355436815134687235
SyliaLydaki,2021-01-30T08:28:09Z,"RT @antlazaros: Και δεν είναι μόνο οι γυναίκες ηθοποιοί. Οι Ερρίκος Μηλιάρης, Χάρης Τζωρτζάκης και Γιάννης Νιάρρος καταγγέλλουν τον σκηνοθέτη Κώστα Ζάπα https://t.co/qyjKtBqwNC #elaxamogela",,antlazaros,love+music+tv+cats,Twitter for Android,el,1355432601583022080
antlazaros,2021-01-30T08:15:37Z,"Και δεν είναι μόνο οι γυναίκες ηθοποιοί. Οι Ερρίκος Μηλιάρης, Χάρης Τζωρτζάκης και Γιάννης Νιάρρος καταγγέλλουν τον σκηνοθέτη Κώστα Ζάπα https://t.co/qyjKtBqwNC #elaxamogela",,,γράφοντας έρχεται το τουήτ,Twitter for iPhone,el,1355429447059595266
portraitsgr,2021-01-30T08:13:58Z,"Ερρίκος Μηλιάρης, Χάρης Τζωρτζάκης, Γιάννης Νιάρρος: Καταγγέλλουν το σκηνοθέτη Κώστα Ζάπα για σεξουαλική παρενόχληση -
https://t.co/MNhBzRdYqk https://t.co/Oioc5BT4cd",,,To πρώτο business media αφιερωμένο στη γυναίκα!,,el,1355429032343576576
antlazaros,2021-01-29T21:44:03Z,"Ερρίκος Μηλιάρης, Χάρης Τζωρτζάκης και Γιάννης Νιάρρος καταγγέλλουν τον σκηνοθέτη Κώστα Ζάπα https://t.co/qyjKtBqwNC",,,γράφοντας έρχεται το τουήτ,Twitter for iPhone,el,1355270506526736386
antlazaros,2021-01-29T21:43:54Z,"RT @tetragwno: Ερρίκος Μηλιάρης, Χάρης Τζωρτζάκης και Γιάννης Νιάρρος καταγγέλλουν τον σκηνοθέτη Κώστα Ζάπα https://t.co/Iwuhxhtmwj #tetragwno",,tetragwno,γράφοντας έρχεται το τουήτ,Twitter for iPhone,el,1355270470392819715
tetragwno,2021-01-29T21:43:36Z,"Ερρίκος Μηλιάρης, Χάρης Τζωρτζάκης και Γιάννης Νιάρρος καταγγέλλουν τον σκηνοθέτη Κώστα Ζάπα https://t.co/Iwuhxhtmwj #tetragwno",,,email: tetragwno.gr@gmail.com,Twitter for iPhone,el,1355270396782792704